Datum;Quelle (Domain);Titel;Kategorie;Grund;Link
2026-05-28;diakonie-kreis-mettmann.de;Danke, Ina Platz – mehr als 40 Jahre bei der Diakonie;Personalie;Verabschiedung einer langjährigen Mitarbeiterin;https://www.diakonie-kreis-mettmann.de/danke-ina-platz-mehr-als-40-jahre-bei-der-diakonie/
2026-05-28;antoniushaus-lh.de;Neuer Internetauftritt der Franziskanerinnen;Neues Angebot;Eröffnung eines neuen Internetauftritts mit neuen Inhalten und Angeboten.;https://antoniushaus-lh.de/2026/05/28/neuer-internetauftritt-der-franziskanerinnen/
2026-05-28;awo-dortmund.de;Angehörigengesprächskreis in der Tagespflege Holzheck in Eving am 1. Juni;Veranstaltung;Einladung zu einem neuen Gesprächskreis für Angehörige;https://awo-dortmund.de/angehoerigengespraechskreis-in-der-tagespflege-holzheck-in-eving-am-1-juni/
2026-05-28;ahfr.de;Neuer Hirsch bereichert das Damwildgehege;Neues Angebot;Erwähnung eines neuen Anschaffungsprojekts (Hirsch) für das Heim.;https://www.ahfr.de/neuer-hirsch-bereichert-das-damwildgehege/
2026-05-28;johannisstift.de;Sechs Azubis erfolgreich verabschiedet;Personalie;Erfolgreiche Verabschiedung von Auszubildenden;https://www.johannisstift.de/blog/sechs-azubis-erfolgreich-verabschiedet/
2026-05-28;caritas-geldern.de;Mehr als 120 Ehrenamtliche feiern gemeinsam im Klostergarten – Caritas sagt „Danke“ zum Ehrentag;Veranstaltung;Bericht über eine spezifische Veranstaltung (Ehrentag) mit Ehrenamtlichen.;https://www.caritas-geldern.de/verband/presse/presse/mehr-als-120-ehrenamtliche-feiern-gemeinsam-im-klostergarten--caritas-sagt-danke-zum-ehrentag-c1337d
2026-05-28;caritas-herten.de;Ehrenamt kennt keine Altersgrenze und hält zudem jung - Maria und Theresia Steiert feiern ihren 90. Geburtstag im Kardinal-von-Galen-Haus;Personalie;Feier des 90. Geburtstages von Ehrenamtlichen;https://www.caritas-herten.de/caritas-und-kirche/pressemitteilungen/ehrenamt-kennt-keine-altersgrenze-und-haelt-zudem-jung-maria-und-theresia-steiert-feiern-ihren-90.-g
2026-05-28;diakonis.de;Herberge zur Heimat erhält Photovoltaikanlage und spart zukünftig Strom;Projekt;Erneuerbare Energien und Energieeffizienz-Initiative;https://diakonis.de/aktuelles/detail/herberge-zur-heimat-erhaelt-photovoltaikanlage-und-spart-zukuenftig-strom
2026-05-27;ravensberger-residenz.de;Mutter- und Vatertag;Veranstaltung;Bericht über eine konkrete Aktion für Bewohner;https://ravensberger-residenz.de/mutter-und-vatertag/
2026-05-27;kkimk.de;Pflegekräfte für Intensivstation (m/w/d);Stellenanzeige;Stellenausschreibung (regelbasiert erkannt);https://kkimk.de/blog/2026/05/27/pflegekraefte-fuer-intensivstation-m-w-d/
2026-05-27;awo-dortmund.de;Besonderer Stargast brachte die AWO Begegnungsstätte Westerfilde zum Beben;Veranstaltung;Bericht über eine kulturelle Veranstaltung mit Stargast im Pflegeheim.;https://awo-dortmund.de/besonderer-stargast-brachte-die-awo-begegnungsstaette-westerfilde-zum-beben/
2026-05-27;kkimk.de;Pflegekräfte für Herzkatheterlabor (m/w/d);Stellenanzeige;Stellenausschreibung (regelbasiert erkannt);https://kkimk.de/blog/2026/05/27/mfa-m-w-d-fuer-herzkatheterlabor/
2026-05-27;kkimk.de;Wald | Stadt | Vital – Ein Tag für’s Herz;Veranstaltung;Ankündigung eines gemeinsamen Gesundheits-Tages mit Partnerorganisation.;https://kkimk.de/blog/2026/05/27/wald-stadt-vital-ein-tag-fuers-herz/
2026-05-27;st-clara-salzkotten.de;Gemeinsam anpacken für den Mutterhausgarten;Aktion;Beschreibung eines konkreten Projekts und einer Mitarbeiteraktion;https://www.st-clara-salzkotten.de/gemeinsam-anpacken-fuer-den-mutterhausgarten/
2026-05-27;katharinenstift-coesfeld.de;Darauf erst einmal ein Eis!!;Aktion;Bericht über eine konkrete Veranstaltung (Eiswagen) für die Bewohner.;https://www.katharinenstift-coesfeld.de/ein-eis-geht-immer-2/
2026-05-27;alexianer-muenster.de;AUSGEZEICHNET! Kunsthaus Kannen Preis 2026;Auszeichnung;Verleihung eines Preises an das Pflegeheim;https://www.alexianer-muenster.de/unternehmen/aktuelles/aktuell/ausgezeichnet-kunsthaus-kannen-preis-2026
2026-05-27;alexianer.de;AUSGEZEICHNET! Kunsthaus Kannen Preis 2026;Auszeichnung;Verleihung eines Preises an das Pflegeheim;https://www.alexianer.de/aktuelles/aktuell/ausgezeichnet-kunsthaus-kannen-preis-2026
2026-05-27;alexianer.de;Raphaelsklinik unterstützt „Aktionstag gegen den Schmerz“;Aktion;Teilnahme an einer bundesweiten Aktion;https://www.alexianer.de/aktuelles/aktuell/raphaelsklinik-unterstuetzt-aktionstag-gegen-den-schmerz
2026-05-27;belia.de;Fünf Minuten Zeit und ein Notizblock – Speeddating stiftet Bekanntschaften;Veranstaltung;Beschreibung einer konkreten Aktion/Veranstaltung zur Vernetzung;https://belia.de/news-detail/detail/fuenf-minuten-zeit-und-ein-notizblock-speeddating-stiftet-bekanntschaften
2026-05-27;belia.de;Kleine Ponys, große Freude – Besonderer Besuch in unserer Seniorenresidenz;Veranstaltung;Beschreibung eines besonderen Besuchs mit Ponys für die Bewohner;https://belia.de/news-detail/detail/kleine-ponys-grosse-freude-besonderer-besuch-in-unserer-seniorenresidenz
2026-05-27;caritas-geldern.de;Berufliche Integration bei der Caritas: Wenn Arbeit wieder gut tut;Personalie;Titel deutet auf eine neue Maßnahme oder Personalie im Bereich der beruflichen Integration hin.;https://www.caritas-geldern.de/verband/presse/presse/berufliche-integration-bei-der-caritas-wenn-arbeit-wieder-gut-tut-c6296221-c1be-4b63-8447-c5bd2e2bcf
2026-05-27;caritas-geldern.de;Quartier Gromansfeld sucht Ehrenamtliche für den „Suppensamstag“;Aktion;Einladung zu einer konkreten Veranstaltung (Suppensamstag);https://www.caritas-geldern.de/verband/presse/presse/quartier-gromansfeld-sucht-ehrenamtliche-fuer-den-suppensamstag-b6481e5d-d7cc-4d0f-8497-fb1da93520b7
2026-05-27;caritasverband-dueren.de;youngcaritas im Kreis Düren gestartet – Jugendliche für soziale Projekte gesucht;Stellenanzeige;Stellenausschreibung (regelbasiert erkannt);https://www.caritasverband-dueren.de/pressemitteilungen/youngcaritas-im-kreis-dueren-gestartet--jugendlich/3298874/
2026-05-27;diakonie-sw.de;Diakonie Klinikum Kirchen: Familie bei Fachtag im Fokus |27.05.2026;Veranstaltung;Fachtag mit Fokus auf Familie;https://www.diakonie-sw.de/details/artikel/diakonie-klinikum-kirchen-familie-bei-fachtag-im-fokus/
2026-05-27;evkln.de;Wenn Schmerzen nicht mehr weggehen - Aktionstag im Evangelischen Krankenhaus Dinslaken;Aktionstag;Titel deutet auf eine konkrete Veranstaltung/Aktion hin;https://www.evkln.de/der-verbund/news-details/aktionstag-chronische-schmerzen-am-2-juni-im-dinslaken.html
2026-05-27;raphaelsklinik.de;Raphaelsklinik unterstützt „Aktionstag gegen den Schmerz“;Aktion;Teilnahme an einer bundesweiten Aktion;https://www.raphaelsklinik.de/unternehmen/aktuelles/aktuell/raphaelsklinik-unterstuetzt-aktionstag-gegen-den-schmerz
2026-05-26;miteinander-wohnen.com;Pflegefachkraft in Teil- oder Vollzeit (m/w/d);Stellenanzeige;Stellenausschreibung (regelbasiert erkannt);https://www.miteinander-wohnen.com/2026/05/26/pflegefachkraft-in-teil-oder-vollzeit-m-w-d/
2026-05-26;grafschafter-diakonie.de;Sprechen Sie deutsch? Ja gerne – zusammen!;Aktion;Neues Angebot und Projektstart: Sprachcafé auf Tour;https://www.grafschafter-diakonie.de/sprechen-sie-deutsch-ja-gerne-zusammen/
2026-05-26;altenheime-essen.de;Erfolgreiche Teilnahme an Job-Speed-Dating;Veranstaltung;Bericht über Teilnahme an Job-Speed-Dating und Präsentation des Pflegeberufs.;https://ng-se.de/erfolgreiche-teilnahme-an-job-speed-dating-2/
2026-05-26;ng-se.de;Erfolgreiche Teilnahme an Job-Speed-Dating;Veranstaltung;Bericht über Teilnahme an Job-Speed-Dating und Präsentation des Pflegeberufs.;https://ng-se.de/erfolgreiche-teilnahme-an-job-speed-dating-2/
2026-05-26;awo-lev.de;Demenz verstehen;Bericht;Artikel über Demenz und Angehörigenunterstützung;https://awoleverkusen.de/blog/2026/05/26/demenz-verstehen/
2026-05-26;gesob-gmbh.de;Wünsche, die verbinden;Veranstaltung;Beschreibung einer gemeinsamen Aktion des Heimbeirats mit Bewohnern;https://www.gesob-gmbh.de/2026/05/26/wuensche-die-verbinden/
2026-05-26;grafschafter-diakonie.de;Einrichtungen zeigen Flagge für Vielfalt und Zusammenhalt;Aktion;Teilnahme an bundesweiter Aktion und gesellschaftliches Engagement;https://www.grafschafter-diakonie.de/einrichtungen-zeigen-flagge-fuer-vielfalt-und-zusammenhalt/
2026-05-26;cwdu.de;Grillnachmittag im BBZ Meiderich bringt Menschen zusammen;Veranstaltung;Bericht über ein konkretes soziales Event (Grillnachmittag);https://edd.de/2026/05/26/grillnachmittag-im-bbz-meiderich-bringt-menschen-zusammen/
2026-05-26;eahd.de;Grillnachmittag im BBZ Meiderich bringt Menschen zusammen;Veranstaltung;Bericht über ein konkretes soziales Event (Grillnachmittag);https://edd.de/2026/05/26/grillnachmittag-im-bbz-meiderich-bringt-menschen-zusammen/
2026-05-26;edd.de;Grillnachmittag im BBZ Meiderich bringt Menschen zusammen;Veranstaltung;Bericht über ein konkretes soziales Event (Grillnachmittag);https://edd.de/2026/05/26/grillnachmittag-im-bbz-meiderich-bringt-menschen-zusammen/
2026-05-26;augusta-kliniken.de;„Deutschlands beste Krankenhäuser“: Augusta Klinikum Bochum zählt zum 8. Mal in Folge dazu;Auszeichnung;Die Klinik wurde erneut als eines der besten Krankenhäuser Deutschlands ausgezeichnet.;https://www.augusta-kliniken.de/aktuelle-meldungen/meldung/deutschlands-beste-krankenhaeuser-augusta-klinikum-bochum-zaehlt-zum-8-mal-in-folge-dazu.html
2026-05-26;caritas-mettmann.de;Film und Talk: „Akte Integration“ mit Souad Lamroubal;Veranstaltung;Titel deutet auf eine konkrete kulturelle oder thematische Veranstaltung hin.;https://www.caritas-mettmann.de/aktuelles/news/Film-und-Talk-Akte-Integration-mit-Souad-Lamroubal/
2026-05-26;caritas-neuss.de;Horst Knappe liest im Literaturkreis;Veranstaltung;Titel deutet auf eine kulturelle Veranstaltung (Lesung) im Pflegeheim hin.;https://www.caritas-neuss.de/aktuelles/news/Horst-Knappe-liest-im-Literaturkreis/
2026-05-26;caritas-olpe.de;„Hier darf ich Mensch sein“: Frank Rahn findet neue Lebensfreude in der Werkstatt;Personalie;Titel deutet auf eine neue Tätigkeit oder Lebenssitze eines Mitarbeiters hin.;https://www.caritas-olpe.de/news/details/hier-darf-ich-mensch-sein-frank-rahn-findet-neue-lebensfreude-in-der-werkstatt
2026-05-26;curavie-pflege.de;Viele gut gelaunte Gesichter beim Frühlingsfest in der Residenz;Veranstaltung;Bericht über ein konkretes Festereignis;https://curavie-pflege.de/fileadmin//lavendio/tanzbein.PNG
2026-05-26;evkln.de;Junge Pflege Kongress Nordwest 2026;Veranstaltung;Ankündigung eines zukünftigen Fachkongresses;https://www.evkln.de/der-verbund/news-details/proud-to-become-a-nurse.html
2026-05-26;klinikum-hochsauerland.de;Neues Behandlungsangebot bei schwer einstellbarem Bluthochdruck - Alexianer Klinikum Hochsauerland führt erstmals renale Denervierung durch;Neues Angebot;Erstmalige Durchführung eines neuen medizinischen Verfahrens;https://www.klinikum-hochsauerland.de/unternehmen/aktuelles/aktuell/neues-behandlungsangebot-bei-schwer-einstellbarem-bluthochdruck-alexianer-klinikum-hochsauerland-fuehrt-erstmals-renale-denervierung-durch
2026-05-25;johannisstift.de;Stiftscafé Paderglück seit dem 8. April geöffnet;Eröffnung;Neuöffnung der Gastronomie im Heim;https://www.johannisstift.de/blog/stiftscafe-paderglueck-seit-dem-8-april-geoeffnet/
2026-05-25;awo-dortmund.de;Stricken, Schnacken, Spenden in Berghofen – jeden Montag;Stellenanzeige;Stellenausschreibung (regelbasiert erkannt);https://awo-dortmund.de/stricken-schnacken-spenden-in-berghofen-jeden-montag/
2026-05-25;anna-katharinenstift.de;Richtfest an der Lüdinghauser Straße;Eröffnung;Baufortschritt und Richtfest als wichtige Projektneuigkeit;https://www.anna-katharinenstift.de/aktuelles?tx_news_pi1%5Baction%5D=detail&tx_news_pi1%5Bcontroller%5D=News&tx_news_pi1%5Bnews%5D=183&cHash=09791684cc39e5a86b0f19a5ea3048b3
2026-05-24;awo-dortmund.de;Spielenachmittag in Schüren – jeden Dienstag;Stellenanzeige;Stellenausschreibung (regelbasiert erkannt);https://awo-dortmund.de/spielenachmittag-in-schueren-jeden-dienstag/
2026-05-23;awo-dortmund.de;Pflegepause – Gesprächskreis für pflegende Angehörige, Freunde und Nachbarn am 5. Juni im EKH;Veranstaltung;Ankündigung eines Gesprächskreises für pflegende Angehörige;https://awo-dortmund.de/pflegepause-gespraechskreis-fuer-pflegende-angehoerige-freunde-und-nachbarn-am-5-juni-im-ekh/
2026-05-23;johannisstift.de;25 Jahre im St. Johannisstift;Personalie;Jubiläum einer Mitarbeiterin;https://www.johannisstift.de/blog/25-jahre-im-st-johannisstift/
2026-05-23;caritasverband-dueren.de;„Raus aus der Einsamkeit, rein in die Gemeinschaft“ – Ehrenamtliche begleiten Seniorenreisen;Ehrenamt;Neues Projekt zur Bekämpfung von Einsamkeit durch Ehrenamtliche;https://www.caritasverband-dueren.de/pressemitteilungen/raus-aus-der-einsamkeit-rein-in-die-gemeinschaft--/3292845/
2026-05-22;kaiser-otto-residenz.de;Schifffahrt auf dem Baldeneysee;Veranstaltung;Ankündigung einer konkreten Freizeitveranstaltung (Schifffahrt);https://kaiser-otto-residenz.de/aktuelles/schifffahrt-auf-dem-baldeneysee-3/
2026-05-22;rehse-gruppe.de;Ein neues Erscheinungsbild für die Rehsegruppe;Rebranding;Neues Erscheinungsbild und Logo der Gruppe;https://www.rehse-gruppe.de/aktuelles/ein-neues-erscheinungsbild-fuer-die-rehsegruppe/
2026-05-22;awo-dortmund.de;Das Seniorenbüro Innenstadt-West lädt ein:„Umgang mit Hitze – Hitzeschutz für Senior*innen“ am 3. Juni;Veranstaltung;Einladung zu einer konkreten Veranstaltung zum Thema Hitzeschutz für Seniorinnen.;https://awo-dortmund.de/das-seniorenbuero-innenstadt-west-laedt-einumgang-mit-hitze-hitzeschutz-fuer-seniorinnen-am-3-juni/
2026-05-22;laurentiusstift-coesfeld.de;Marienandacht im Marienmonat Mai;Veranstaltung;Bericht über eine konkrete kirchliche Veranstaltung (Marienandacht) im Heimplife.;https://www.laurentiusstift-coesfeld.de/6966-2/
2026-05-22;az-st-marien.de;40 Jahre Altenzentrum St. Marien;Veranstaltung;Einladung zu einer Jubiläumsfeier;https://www.az-st-marien.de/post/40-jahre-altenzentrum-st-marien
2026-05-22;johannisstift.de;Ehepaar Bittner berichtet;Bericht;Erfahrungsbericht eines Bewohners über Pflege;https://www.johannisstift.de/blog/ehepaar-bittner-berichtet/
2026-05-22;hanse-zentrum.de;Dankeschön für alle Mitarbeitende;Personalie;Dankesbekundung an das gesamte Team im Rahmen eines besonderen Anlasses.;https://www.hanse-zentrum.de/2026/05/22/dankeschoen-fuer-alle-mitarbeitende/
2026-05-22;diakonie-kreis-mettmann.de;Starke Hilfe für den Secondhand-Verkauf: Ehrenamtliche packen im Kaufhaus der Mettmanner an;Veranstaltung;Bericht über eine konkrete Aktion (Ehrentag) mit Medienpräsenz und ehrenamtlichem Engagement.;https://www.diakonie-kreis-mettmann.de/starke-hilfe-fuer-den-secondhand-verkauf-ehrenamtliche-packen-im-kaufhaus-der-mettmanner-an/
2026-05-22;grafschafter-diakonie.de;Freude, Alltag, Feinmotorik;Veranstaltung;Jubiläum und Schnuppertage der Tagespflege;https://www.grafschafter-diakonie.de/freude-alltag-feinmotorik/
2026-05-22;belia.de;Sara Schrötter übernimmt die Operative Leitung bei Belia;Personalie;Neue Personalübernahme;https://belia.de/news-detail/detail/sara-schroetter-uebernimmt-die-operative-leitung-bei-belia
2026-05-22;caritas-hoevelhof.de;Neuer Bereich für außerklinische Intensivpflege eröffnet;Eröffnung;Neuer Bereich für außerklinische Intensivpflege wurde eröffnet;https://www.caritas-hoevelhof.de/news/detail?tx_news_pi1%5Baction%5D=detail&tx_news_pi1%5Bcontroller%5D=News&tx_news_pi1%5Bnews%5D=72&cHash=2e0d4185f188e4eef57dea66fde36f62
2026-05-22;caritasverband-dueren.de;Pflegereform: Caritas fordert wirksame Entlastung von Familien;Aktion;Positionierung der Caritas zu einer aktuellen Pflegereform;https://www.caritasverband-dueren.de/pressemitteilungen/pflegereform-caritas-fordert-wirksame-entlastung-v/3296662/
2026-05-22;eaz-ohligs.de;Erneuerung der Aufzugsanlagen;Umbau;Erneuerung von Aufzugsanlagen ist ein relevantes Projekt/Umbau für das Pflegeheim.;https://eaz-ohligs.de/wp-content/uploads/2022/11/IMG_1177-scaled.jpg
2026-05-22;eaz-ohligs.de;Der Nikolaus zu Besuch im EAZ;Veranstaltung;Bericht über eine spezifische Heimsveranstaltung (Nikolausbesuch).;https://eaz-ohligs.de/wp-content/uploads/2022/12/IMG_1304-scaled.jpg
2026-05-22;eaz-ohligs.de;Vernissage unserer Bewohner*innen;Veranstaltung;Vernissage ist eine kulturelle Veranstaltung der Bewohner.;https://eaz-ohligs.de/wp-content/uploads/2023/01/IMG_1520-scaled.jpg
2026-05-22;eaz-ohligs.de;Neue Geschäftsführung im EAZ;Personalie;Neue Geschäftsführung ist eine relevante Personalie.;https://eaz-ohligs.de/wp-content/uploads/2023/02/P2160010-scaled.jpg
2026-05-22;eaz-ohligs.de;Turniere: Rummikub + Mensch ärgere Dich nicht;Veranstaltung;Ankündigung von sozialen Aktivitäten und Turnieren für Bewohnern;https://eaz-ohligs.de/wp-content/uploads/2024/05/20240514_102951-scaled.jpg
2026-05-22;eaz-ohligs.de;Karneval in der Cobra;Veranstaltung;Titel deutet auf eine lokale Veranstaltung (Karneval) im Heim hin.;https://eaz-ohligs.de/wp-content/uploads/2025/02/IMG-20250217-WA0046.jpg
2026-05-22;rhein-verein.de;Verabschiedung von Michael Fasen;Personalie;Verabschiedung eines Mitarbeiters;https://rhein-verein.de/verabschiedung-michael-fasen/
2026-05-22;seniorencentrum-mallinckrodthof-borchen.de;Blumenfest 07. Mai 2022;Veranstaltung;Titel deutet auf eine konkrete Veranstaltung hin, Text fehlt aber.;https://www.seniorencentrum-mallinckrodthof-borchen.de/aktuelles/aktuelles/aktuelles/news/blumenfest-07-mai-2022/
2026-05-22;seniorencentrum-mallinckrodthof-borchen.de;Das Hochstift sagt Danke - Radio Hochstift zu Gast im Seniorencentrum Mallinckrodthof;Veranstaltung;Bericht über eine Gastveranstaltung im Seniorencentrum;https://www.seniorencentrum-mallinckrodthof-borchen.de/aktuelles/aktuelles/aktuelles/news/das-hochstift-sagt-danke-radio-hochstift-zu-gast-im-seniorencentrum-mallinckrodthof/
2026-05-22;seniorencentrum-mallinckrodthof-borchen.de;Ehrenamtstreffen 13. Februar 2023;Veranstaltung;Titel deutet auf eine konkrete geplante Veranstaltung hin.;https://www.seniorencentrum-mallinckrodthof-borchen.de/aktuelles/aktuelles/aktuelles/news/ehrenamtstreffen-13-februar-2023/
2026-05-22;seniorencentrum-mallinckrodthof-borchen.de;Heimbeiratswahl 27. und 28. April 2022;Veranstaltung;Ankündigung einer konkreten Wahlveranstaltung;https://www.seniorencentrum-mallinckrodthof-borchen.de/aktuelles/aktuelles/aktuelles/news/heimbeiratswahl-27-und-28-april-2022/
2026-05-22;seniorencentrum-mallinckrodthof-borchen.de;Massagen für Mitarbeitende;Personalangebot;Neues Angebot für Mitarbeitende;https://www.seniorencentrum-mallinckrodthof-borchen.de/aktuelles/aktuelles/aktuelles/news/massagen-fuer-mitarbeitende/
2026-05-22;seniorencentrum-mallinckrodthof-borchen.de;Sommerfest 13. August 2022;Veranstaltung;Einladung zu einem konkreten Festtermin;https://www.seniorencentrum-mallinckrodthof-borchen.de/aktuelles/aktuelles/aktuelles/news/sommerfest-13-august-2022/
2026-05-21;haus-st-josef-wadersloh.de;Gedenkgottesdienst im Haus St. Josef;Veranstaltung;Bericht über einen konkreten Gedenkgottesdienst;https://haus-st-josef-wadersloh.smmp.de/2026/05/21/gedenkgottesdienst-im-haus-st-josef/
2026-05-21;hvghirten.de;Baustelle im Haupthaus nimmt langsam Gestalt an;Umbau;Bericht über Fortschritt bei Baumaßnahme;https://hvghirten.de/baustelle-im-haupthaus-nimmt-langsam-gestalt-an/
2026-05-21;awo-dortmund.de;Geführter 2-teiliger Besuch auf dem Ostfriedhof;Veranstaltung;Ankündigung eines konkreten kulturellen Angebots (Führungen) mit Datum und Uhrzeit.;https://awo-dortmund.de/gefuehrter-2-teiliger-besuch-auf-dem-ostfriedhof/
2026-05-21;awo-dortmund.de;Rollatoren-Tanztee am 9. Juni im Bürgerhaus Pulsschlag;Veranstaltung;Ankündigung einer konkreten kulturellen Veranstaltung mit Datum und Ort.;https://awo-dortmund.de/rollatoren-tanztee-am-9-juni-im-buergerhaus-pulsschlag/
2026-05-21;lina-oberbaeumer-haus.de;Wertschätzung für Mitarbeitende;Personalie;Danksagung der Leitung an Mitarbeitende am Internationalen Tag der Pflege;https://lina-oberbaeumer-haus.de/2026/05/21/wertschaetzung-fuer-mitarbeitende/
2026-05-21;gesob-gmbh.de;Muttertags-Frühstück in Brauck;Veranstaltung;Bericht über eine konkrete Aktion (Muttertags-Frühstück);https://www.gesob-gmbh.de/2026/05/21/muttertags-fruehstueck-in-brauck/
2026-05-21;johannisstift.de;Sams-Hof öffnet seine Tore;Eröffnung;Neues Angebot und Eröffnung des Sams-Hof;https://www.johannisstift.de/blog/sams-hof-oeffnet-seine-tore/
2026-05-21;haus-phoebe.de;Konzertnachmittag ein Erfolg;Veranstaltung;Bericht über einen erfolgreichen Konzertnachmittag für Bewohner;https://haus-phoebe.de/2026/05/21/konzertnachmittag-ein-erfolg/
2026-05-21;grafenbergerwald.de;Rollender Zoo zu Gast im Paulushaus;Veranstaltung;Besuch des Rollenden Zoos im Heim;https://grafenbergerwald.de/rollender-zoo-zu-gast-im-paulushaus/
2026-05-21;hausschlosspark.de;Rollender Zoo zu Gast im Paulushaus;Veranstaltung;Besuch des Rollenden Zoos im Heim;https://hausschlosspark.de/rollender-zoo-zu-gast-im-paulushaus/
2026-05-21;haus-phoebe.de;Süßer Dank für wertvolle Arbeit;Personalie;Dankesbekundung der Leitung an Mitarbeiter im Rahmen eines Anlasses;https://haus-phoebe.de/2026/05/21/suesser-dank-fuer-wertvolle-arbeit/
2026-05-21;curata.de;Heidesee: CURATA Heidesee auf der Azubimesse Friedersdorf 2026;Veranstaltung;Teilnahme an einer Messe;https://www.curata.de/heidesee-azubimesse-friedersdorf/
2026-05-21;luehlerheim.de;Hauswirtschaftskraft (m/w/d) / Hauswirtschafts- und Betreuungskraft (m/w/d);Stellenanzeige;Stellenausschreibung (regelbasiert erkannt);https://luehlerheim.de/stellenanzeigen/hauswirtschaftskraft-m-w-d-hauswirtschafts-und-betreuungskraft-m-w-d/
2026-05-21;luehlerheim.de;Pflegefachkraft für den ambulanten Pflegedienst (m/w/d);Stellenanzeige;Stellenausschreibung (regelbasiert erkannt);https://luehlerheim.de/stellenanzeigen/pflegefachkraft-fuer-den-ambulanten-pflegedienst-m-w-d/
2026-05-21;haus-am-wiehen.de;Tanz in den Mai;Veranstaltung;Bericht über eine konkrete Aktion (Maibaum, Tanz);https://haus-am-wiehen.de/tanz-in-den-mai/
2026-05-21;alexianer.de;Deutschlandweit einmalig: Acht Werkstattbeschäftigte absolvieren den Pferdeführerschein;Personalie;Bericht über eine besondere Leistung der Werkstattbeschäftigten;https://www.alexianer.de/aktuelles/aktuell/deutschlandweit-einmalig-acht-werkstattbeschaeftigte-absolvieren-den-pferdefuehrerschein
2026-05-21;belia.de;„Da komme ich nicht dran“: Azubis erleben Alltag mit Einschränkungen;Bericht;Artikel über Ausbildung und Alltagserfahrungen;https://belia.de/news-detail/detail/da-komme-ich-nicht-dran-auszubildende-erleben-alltag-mit-einschraenkungen
2026-05-21;diakonis.de;Trauer-Café am Donnerstag, 4. Juni (Fronleichnam);Veranstaltung;Ankündigung eines konkreten Termins (Trauer-Café);https://diakonis.de/aktuelles/detail/trauer-cafe-am-donnerstag-7-mai
2026-05-21;kkle.de;Buchlesung und Impulsvortrag am 12. Juni in KleveDie Zelle im Mittelpunkt: Oberarzt Dr. Emmanuel Etoung stellt Konzept der „Motivationsmedizin“ vor;Veranstaltung;Ankündigung einer konkreten Veranstaltung mit Fachvortrag;https://www.kkle.de/news/die-zelle-im-mittelpunkt-oberarzt-dr-emmanuel-etoung-stellt-konzept-der-motivationsmedizin-vor
2026-05-20;seniorenzentrum-dielingen.de;Katja Stockmann ist Palliativ Fachkraft;Personalie;Erfolgsmeldung zur abgeschlossenen Qualifizierung einer Mitarbeiterin.;https://seniorenzentrum-dielingen.de/katja-stockmann-ist-palliativ-fachkraft
2026-05-20;awo-dortmund.de;Fit durch den Sommer: „Bewegung im Park“ in Aplerbeck geht weiter;neues Angebot;Fortsetzung eines bestehenden Bewegungsprogramms mit saisonalem Fokus;https://awo-dortmund.de/fit-durch-den-sommer-bewegung-im-park-in-aplerbeck-geht-weiter/
2026-05-20;grafschafter-diakonie.de;Jetzt anmelden für Ferienspiele des Treff 55;Veranstaltung;Ankündigung von Ferienspielen für Kinder;https://www.grafschafter-diakonie.de/jetzt-anmelden-fuer-ferienspiele-des-treff-55/
2026-05-20;franziskus-kleve.de;Gemeinsamer Ausflug zur Kevelaerer Kirmes;Veranstaltung;Bericht über einen gemeinsamen Ausflug und Seniorennachmittag der Bewohner.;https://franziskus-kleve.de/regina-pacis/gemeinsamer-ausflug-zur-kevelaerer-kirmes/
2026-05-20;franziskus-kleve.de;Vatertagskonzert im Franziskus-Haus;Veranstaltung;Bericht über ein traditionelles Konzert im Pflegeheim.;https://franziskus-kleve.de/franziskus-haus/vatertagskonzert-im-franziskus-haus/
2026-05-20;johannes-bochum.de;Schiffsfahrt auf dem Halterner See;Veranstaltung;Bericht über eine organisierte Schiffsfahrt;https://johannes-bochum.de/schiffsfahrt-halternersee-2026/
2026-05-20;haus-maria-veen.de;Tiergestützte Therapie im St.Antoniusheim;Neues Angebot;Einführung einer neuen therapeutischen Maßnahme;https://www.vfka-westfalen.de/st-antoniusheim/tiergeschuetzte-therapie-im-st-antoniusheim/
2026-05-20;vfka-westfalen.de;Tiergestützte Therapie im St.Antoniusheim;Neues Angebot;Einführung einer neuen therapeutischen Maßnahme;https://www.vfka-westfalen.de/st-antoniusheim/tiergeschuetzte-therapie-im-st-antoniusheim/
2026-05-20;johannisstift.de;Wo Tempo kein Taschentuch ist;Veranstaltung;Teilnahme am Osterlauf durch Mitarbeiter*innen;https://www.johannisstift.de/blog/wo-tempo-kein-taschentuch-ist/
2026-05-20;johannisstift.de;Angrillen 2026;Veranstaltung;Ankündigung eines traditionellen Grillereignisses mit neuem Standort.;https://www.johannisstift.de/blog/angrillen-2026/
2026-05-20;st-antonius-soest.de;Besuch vom Nikolaus;Veranstaltung;Bericht über eine spezifische Heimsveranstaltung;https://www.st-antonius-soest.de/aktuelles/aktuelles/aktuelles/news/besuch-vom-nikolaus/
2026-05-20;st-antonius-soest.de;Jubiläum in der Hauswirtschaft;Veranstaltung;Jubiläum ist eine echte Neuigkeit im Bereich des Hauses.;https://www.st-antonius-soest.de/aktuelles/aktuelles/aktuelles/news/jubilaeum-in-der-hauswirtschaft/
2026-05-20;st-antonius-soest.de;Karneval im St. Antonius;Veranstaltung;Titel deutet auf eine lokale Veranstaltung (Karneval) hin, die für einen Branchen-Newsletter relevant ist.;https://www.st-antonius-soest.de/aktuelles/aktuelles/aktuelles/news/karneval-im-st-antonius/
2026-05-20;st-antonius-soest.de;Letztes Teamevent für 2024;Veranstaltung;Titel deutet auf ein konkretes Teamevent hin.;https://www.st-antonius-soest.de/aktuelles/aktuelles/aktuelles/news/letztes-teamevent-fuer-2024/
2026-05-20;st-antonius-soest.de;Sommerfest der Tagespflege;Veranstaltung;Titel deutet auf eine konkrete Veranstaltung hin, Text fehlt aber.;https://www.st-antonius-soest.de/aktuelles/aktuelles/aktuelles/news/sommerfest-der-tagespflege/
2026-05-19;boecker-stiftung.de;Sommerfest und Tag der offenen Tür;Veranstaltung;Einladung zu einem konkreten Sommerfest und Tag der offenen Tür.;https://www.boecker-stiftung.de/sommerfest-und-tag-der-offenen-tuer/
2026-05-19;awo-dortmund.de;Fachvortrag „Ultranationalismus – Radikalisierung einer Ideologie. Eine Einführung in die Bewegung der Grauen Wölfe“ am 20. Mai;Veranstaltung;Ankündigung eines Fachvortrags mit Kooperationspartnern;https://awo-dortmund.de/fachvortrag-ultranationalismus-radikalisierung-einer-ideologie-eine-einfuehrung-in-die-bewegung-der-grauen-woelfe-am-20-mai/
2026-05-19;kkimk.de;Stellvertretende Leitung ZNA St. Vincenz Krankenhaus Menden;Stellenanzeige;Stellenausschreibung (regelbasiert erkannt);https://kkimk.de/blog/2026/05/19/stellvertretende-leitung-zna-st-vincenz-krankenhaus-menden/
2026-05-19;bethesda-borbeck.de;Ausflug zum Kumpelmarkt;Veranstaltung;Bericht über einen Ausflug und Besuch eines Marktes;https://www.bethesda-borbeck.de/index.php/de/aktuell/aktuelles/335-ausflug-zum-kumpelmarkt
2026-05-19;gesob-gmbh.de;Muttertag in Altenessen;Veranstaltung;Bericht über eine konkrete Aktion zum Muttertag;https://www.gesob-gmbh.de/2026/05/19/muttertag-in-altenessen-2/
2026-05-19;grafschafter-diakonie.de;Neun Mitarbeitende der Altenheimat Vluyn mit goldenem Kronenkreuz geehrt;Personalie;Auszeichnung von Mitarbeitern;https://www.grafschafter-diakonie.de/neun-mitarbeitende-der-altenheimat-vluyn-mit-goldenem-kronenkreuz-geehrt/
2026-05-19;wohnstiftsalzburg.de;Wohnbereichsleitung (m/w/d);Stellenanzeige;Stellenausschreibung (regelbasiert erkannt);https://wohnstiftsalzburg.de/wohnbereichsleitung-m-w-d/
2026-05-19;gse-essen.de;Cool Bleiben – Pflege Feiern;Veranstaltung;Bezug auf den Internationalen Tag der Pflege und Dankesaktion;https://www.gse-essen.de/aktuelles/cool-bleiben-pflege-feiern/
2026-05-19;bergische-diakonie.de;Tag der Offenen Tür in der Tagespflege Wülfrath;Veranstaltung;Einladung zu einer konkreten Veranstaltung (Tag der Offenen Tür);https://www.bergische-diakonie.de/ueber-uns/aktuelles/detailseite/tag-der-offenen-tuer-in-der-tagespflege-wuelfrath
2026-05-19;caritas-herten.de;„Zusammen geht was“ – eine moderne Arbeitswelt braucht kreative Wege: Die Caritas in Herten verbindet Generationen ...;Projekt;Beschreibung eines intergenerationellen Projekts zur modernen Arbeitswelt;https://www.caritas-herten.de/caritas-und-kirche/pressemitteilungen/zusammen-geht-was--eine-moderne-arbeitswelt-braucht-kreative-wege-die-caritas-in-herten-verbindet-ge
2026-05-19;insanto.de;Tag der offenen Tür in Remscheid;Veranstaltung;Ankündigung einer konkreten Veranstaltung (Tag der offenen Tür);https://www.insanto.de/news/tag-der-offenen-tuer-in-remscheid
2026-05-19;kkle.de;Ganzheitliche Beratung und BehandlungNeue Knie- und sportmedizinische Sprechstunde am St.-Antonius-Hospital in Kleve;neues Angebot;Eröffnung einer neuen Sprechstunde;https://www.kkle.de/news/neue-knie-sprechstunde-am-st-antonius-hospital-in-kleve
2026-05-19;klinikum-hochsauerland.de;Volkskrankheit Osteoporose – Wie man sie erkennt und was dagegen hilft;Gesundheit;Aufklärung über Volkskrankheit und Prävention;https://www.klinikum-hochsauerland.de/unternehmen/aktuelles/aktuell/volkskrankheit-osteoporose-wie-man-sie-erkennt-und-was-dagegen-hilft
2026-05-19;malteser.de;Malteser „Plaudernetz“ kooperiert mit Caritas-Konferenzen Deutschlands e.V.;Kooperation;Neue Partnerschaft zwischen zwei großen Wohltätigkeitsorganisationen;https://www.malteser.de/newsdetails/news/ebola-ausbruch-malteser-bereiten-erste-massnahmen-im-kongo-vor.html
2026-05-19;st-josef-in-uebach.de;Unser Café hat wieder geöffnet!;Neues Angebot;Eröffnung des Cafés ist ein neues Angebot für Bewohner und Besucher.;https://www.st-josef-in-uebach.de/aktuelles/beitrag-lesen/unser-cafe-hat-wieder-geoeffnet.html
2026-05-18;altenheim-wahlscheid.de;Versteigerung ist gestartet;Aktion;Versteigerung als konkretes Projekt zur Finanzierung von Infrastrukturmaßnahmen;https://www.altenheim-wahlscheid.de/2026/05/versteigerung-ist-gestartet/
2026-05-18;kolfhaus.de;Veranstaltungen im Juni;Veranstaltung;Beschreibung konkreter Aktivitäten und Ausflüge im Juni;https://www.seniorenzentrum-heinrich-kolfhaus.de/veranstaltungen-im-juni/
2026-05-18;diakonie-kreis-mettmann.de;3.-24.05.2026 – Wer hat das schönste Schaufenster? Jetzt abstimmen & gewinnen!;Aktion;Einladung zur Teilnahme an einem Wettbewerb und Gewinnspiel.;https://www.diakonie-kreis-mettmann.de/3-24-05-2026-wer-hat-das-schoenste-schaufenster-jetzt-abstimmen-gewinnen/
2026-05-18;alexianer.de;Neue Leitung unseres EndoProthetikZentrums (EPZ);Personalie;Neue Leitung eines Zentrums;https://www.alexianer.de/aktuelles/aktuell/neue-leitung-unseres-endoprothetikzentrums-epz-am-alexianer-st-gertrauden-krankenhaus-in-berlin-wilmersdorf
2026-05-18;alexianer.de;Sebastian Schmitz engagiert sich für die Petition „Teilhabe ist Menschenrecht“;Personalie;Titel deutet auf eine neue Personalie oder Engagement einer Person hin.;https://www.alexianer.de/aktuelles/aktuell/sebastian-schmitz-engagiert-sich-fuer-die-petition-teilhabe-ist-menschenrecht
2026-05-18;anna-katharinenstift.de;Tag der Begegnung 2026;Veranstaltung;Titel deutet auf eine geplante Veranstaltung hin, Text fehlt aber.;https://www.anna-katharinenstift.de/aktuelles?tx_news_pi1%5Baction%5D=detail&tx_news_pi1%5Bcontroller%5D=News&tx_news_pi1%5Bnews%5D=182&cHash=948aa55b586037a0223326b51b88ef32
2026-05-18;awo-kv-wesel.de;Am Mittwoch, 20.Mai, um 16.30 Uhr, findet im AWO Treff Wesel-Feldmark am Dorotheenweg 2 das nächste (intergenerationale) „Digitalcafè“ statt.;Veranstaltung;Ankündigung einer konkreten öffentlichen Veranstaltung (Digitalcafè);https://www.awo-kv-wesel.de/ueber-die-awo/aktuelles/oeffentlichkeitsarbeit/aktuelles/nachricht/ausflug-zum-seniorentheater-724/
2026-05-18;awo-kv-wesel.de;Am Mittwoch, 20.Mai, um 16.30 Uhr, findet im AWO Treff Wesel-Feldmark am Dorotheenweg 2 das nächste (intergenerationale) „Digitalcafè“ statt.;Veranstaltung;Ankündigung einer konkreten öffentlichen Veranstaltung (Digitalcafè);https://www.awo-kv-wesel.de/ueber-die-awo/aktuelles/oeffentlichkeitsarbeit/aktuelles/nachricht/neu-digitalcafe-im-awo-treff-wesel-feldmark-soll-regelmaessig-stattfinden-723/
2026-05-18;caritas-ahaus-vreden.de;Save the Date – Caritas-Wallfahrt NRW 2026;Veranstaltung;Einladung zu einer zukünftigen Wallfahrt;https://www.caritas-ahaus-vreden.de/aktuelles/news/Save-the-Date-Caritas-Wallfahrt-NRW-2026/
2026-05-18;caritas-gladbeck.de;"Lions unterstützten Caritas-Projekt ,,Mahlzeit""";Projekt;Bericht über Lions-Club-Unterstützung eines konkreten Projekts;https://www.caritas-gladbeck.de/aktuelles/pressespiegel/lions-unterstuetzten-caritas-projekt-mahlzeit-6e4f2aef-9242-4a53-9bfd-71d6c8d7bbe0
2026-05-18;caritas-olpe.de;Gemeinsam stärker: Beratende Dienste in Siegen-Wittgenstein und Olpe wachsen als Team zusammen;Personalie;Zusammenschluss von Beratungsdiensten;https://www.caritas-olpe.de/news/details/gemeinsam-staerker-beratende-dienste-in-siegen-wittgenstein-und-olpe-wachsen-als-team-zusammen
2026-05-18;malteser.de;Ebola-Ausbruch: Malteser bereiten erste Maßnahmen im Kongo vor;Aktion;Bericht über konkrete Hilfsmaßnahmen im Ausland;https://www.malteser.de/newsdetails/news/400-malteser-auf-dem-katholikentag-im-einsatz.html
2026-05-18;senioren-ramsdorf.de;Pflege-Podcast des Kreises Borken: neue Folge mit Jürgen Kaling;Medien/Projekt;Neue Folge eines lokalen Pflege-Podcasts mit Interviewpartner;https://www.senioren-ramsdorf.de/aktuelles/detail?tx_news_pi1%5Baction%5D=detail&tx_news_pi1%5Bcontroller%5D=News&tx_news_pi1%5Bnews%5D=86&cHash=e4e334d608d63901862c9c3f409ad0a0
2026-05-16;gesob-gmbh.de;Wellness zum Muttertag;Veranstaltung;Beschreibung einer konkreten Aktion zum Muttertag im Seniorenzentrum;https://www.gesob-gmbh.de/2026/05/16/wellness-zum-muttertag/
2026-05-15;altenheime-leverkusen.de;Neues von unserer Clownin Augustina;Personalie;Vorstellung einer neuen Mitarbeiterin (Clownin) und deren Tätigkeit;https://www.es-senioreneinrichtungen.de/news/neues-von-unserer-clownin-augustina/
2026-05-15;belia.de;Arzum Yilmaz übernimmt die Kaufmännische Leitung bei Belia;Personalie;Neubesetzung einer leitenden Position;https://belia.de/news-detail/detail/arzum-yilmaz-uebernimmt-die-kaufmaennische-leitung-bei-belia
2026-05-15;evkln.de;Zertifiziertes Lungenkrebszentrum am Johanniter Krankenhaus Oberhausen;Auszeichnung;Eröffnung eines zertifizierten Zentrums;https://www.evkln.de/der-verbund/news-details/zertifiziertes-lungenkrebszentrum-am-johanniter-krankenhaus-oberhausen.html
2026-05-14;haus-st-josef-wadersloh.de;Clownsvisite bringt Freude ins Seniorenzentrum;Aktion;Beschreibung einer regelmäßigen Aktivität (Clownsvisite) zur Förderung der Bewohner.;https://haus-st-josef-wadersloh.smmp.de/2026/05/14/clownsvisite-bringt-freude-ins-seniorenzentrum/
2026-05-14;gesob-gmbh.de;Maifest in Brauck;Veranstaltung;Bericht über ein Maifest mit Bewohnerbeteiligung;https://www.gesob-gmbh.de/2026/05/14/maifest-in-brauck/
2026-05-14;st-michael-werl.de;Hochbeet neu gestaltet;Projekt;Beschreibung einer konkreten Maßnahme (Neugestaltung);https://www.st-michael-werl.de/aktuelles/aktuelles/aktuelles/news/hochbeet-neu-gestaltet-3/
2026-05-14;st-michael-werl.de;Karneval im St. Michael;Veranstaltung;Titel deutet auf eine lokale Veranstaltung (Karneval) hin, die für einen Branchen-Newsletter relevant ist.;https://www.st-michael-werl.de/aktuelles/aktuelles/aktuelles/news/karneval-im-st-michael/
2026-05-14;st-michael-werl.de;Kunterbuntes Sommerfest im Seniorencentrum St. Michael;Veranstaltung;Titel deutet auf ein konkretes Sommerfest hin.;https://www.st-michael-werl.de/aktuelles/aktuelles/aktuelles/news/kunterbuntes-sommerfest-im-seniorencentrum-st-michael/
2026-05-14;st-michael-werl.de;Unterwegs auf der Altenpflegemesse in Essen;Veranstaltung;Bericht über Teilnahme an Fachmesse;https://www.st-michael-werl.de/aktuelles/aktuelles/aktuelles/news/unterwegs-auf-der-altenpflegemesse-in-essen/
2026-05-13;laurentiusstift-coesfeld.de;Kleines Dankeschön zum Tag der Pflege;Aktion;Beitrag zum Tag der Pflege mit Dankesbotschaft und Hinweis auf die Veranstaltung;https://www.laurentiusstift-coesfeld.de/danke/
2026-05-13;kolfhaus.de;Tag der Pflege im Seniorenzentrum Heinrich Kolfhaus;Veranstaltung;Bericht über jährliche Veranstaltung 'Tag der Pflege' mit Ehrung der Mitarbeiter;https://www.seniorenzentrum-heinrich-kolfhaus.de/tag-der-pflege-im-seniorenzentrum-heinrich-kolfhaus/
2026-05-13;ravensberger-stift.de;Der Mai ist gekommen!;Veranstaltung;Bericht über ein Gemeinschaftsprojekt (Maibaumaufstellen) mit Bewohnern.;https://ravensberger-stift.de/der-mai-ist-gekommen/
2026-05-13;ravensberger-stift.de;Osterfreude im Ravensberger Stift;Veranstaltung;Bericht über eine Bewohneraktivität;https://ravensberger-stift.de/osterfreude-im-ravensberger-stift/
2026-05-13;hvghirten.de;Freiwilligentag 2026;Veranstaltung;Bericht über Teilnahme am Freiwilligentag;https://hvghirten.de/freiwilligentag-2026/
2026-05-13;ev-altenheime-agger.de;TAG DER PFLEGE;Aktion;Bezug auf eine spezifische Veranstaltung/Aktion zum Tag der Pflege;https://ev-altenheime-agger.de/2026/05/13/tag-der-pflege/
2026-05-13;alexianer.de;Alexianer eröffnen modernes Prevention Center am St. Gertrauden-Krankenhaus in Berlin-Wilmersdorf;Eröffnung;Neue Einrichtung und Projektstart;https://www.alexianer.de/aktuelles/aktuell/alexianer-eroeffnen-modernes-prevention-center-am-st-gertrauden-krankenhaus-in-berlin
2026-05-13;alexianer.de;Clemenshospital: HERA liefert bessere Bilder für die Pränatalmedizin;Projekt;Neue technische Ausstattung durch HERA für die Pränatalmedizin;https://www.alexianer.de/aktuelles/aktuell/clemenshospital-hera-liefert-bessere-bilder-fuer-die-praenatalmedizin
2026-05-13;awo-kv-wesel.de;„Im Flow auf den Beats“ – Teilnehmer*innen schrieben erste eigene Zeilen und produzierten coole Beats selbst;Veranstaltung;Bericht über eine kulturelle Aktivität und Projektteilnahme der Bewohner;https://www.awo-kv-wesel.de/ueber-die-awo/aktuelles/oeffentlichkeitsarbeit/aktuelles/nachricht/fruehlingsfest-im-elisabeth-selbert-haus-721/
2026-05-13;awo-kv-wesel.de;„Im Flow auf den Beats“ – Teilnehmer*innen schrieben erste eigene Zeilen und produzierten coole Beats selbst;Veranstaltung;Bericht über eine kulturelle Aktivität und Projektteilnahme der Bewohner;https://www.awo-kv-wesel.de/ueber-die-awo/aktuelles/oeffentlichkeitsarbeit/aktuelles/nachricht/rap-workshop-im-awo-kinder-und-jugendzentrum-zoff-722/
2026-05-13;cse.ruhr;Elternabend für neue Kindergartenfamilien;Veranstaltung;Einladung zu einem Elternabend für neue Familien;https://www.cse.ruhr/aktuell/nachricht/1283-7000-euro-fuer-teenbaby/
2026-05-13;cse.ruhr;Hühner zu Gast in der Krachmacherstraße;Veranstaltung;Titel deutet auf eine konkrete Aktion oder Veranstaltung im Heim hin.;https://www.cse.ruhr/aktuell/nachricht/1286-kindertagesstaette-loewenherz/
2026-05-13;cse.ruhr;Baustart - Turm stellte Sicherheitsrisiko dar;Umbau;Bezug auf Baustart und Sicherheitsaspekte bei Umbauarbeiten;https://www.cse.ruhr/aktuell/nachricht/1301-partizipation-im-familienzentrum-loenneberga/
2026-05-13;cse.ruhr;KinderPalliativNetzwerk berät jetzt auch digital;Neues Angebot;Einführung einer digitalen Beratungsleistung durch das Netzwerk;https://www.cse.ruhr/aktuell/nachricht/1302-hospizneubau-in-essen-gerschede/
2026-05-13;cse.ruhr;Naturtag im Familienzentrum Taka-Tuka-Land;Veranstaltung;Meldung zu einer konkreten Aktion/Veranstaltung;https://www.cse.ruhr/aktuell/nachricht/1303-kinderpalliativnetzwerk-beraet-jetzt-auch-digital/
2026-05-13;cse.ruhr;Wanderausstellung zu den Internationalen Wochen gegen Rassismus;Veranstaltung;Titel deutet auf eine kulturelle oder bildungspolitische Aktion im Heimbereich hin.;https://www.cse.ruhr/aktuell/nachricht/1304-entdeckungsreise-in-den-fruehling/
2026-05-13;cse.ruhr;Neuer Snoezelraum im Familienzentrum Hoppetosse;Eröffnung;Neue Einrichtung im Familienzentrum;https://www.cse.ruhr/aktuell/nachricht/1306-kampagnenstart-im-limbecker-platz/
2026-05-13;cse.ruhr;Neues Projekt in der Waldgruppe;Projekt;Titel deutet auf ein neues Vorhaben hin;https://www.cse.ruhr/aktuell/nachricht/1307-neuer-snoezelraum-im-familienzentrum-hoppetosse/
2026-05-13;cse.ruhr;Minimusiker live im Mattiswald;Veranstaltung;Ankündigung eines kulturellen Events (Musik);https://www.cse.ruhr/aktuell/nachricht/1310-projekt-wir-gehoeren-zusammen/
2026-05-13;cse.ruhr;Caritas Pop up-Park wandert nach Altenessen.;Veranstaltung;Neue Standortmitteilung für eine bestehende Einrichtung;https://www.cse.ruhr/aktuell/nachricht/1313-das-kann-sich-hoeren-lassen/
2026-05-13;cse.ruhr;Internationaler Tag für Frauengesundheit im Filmstudio Glückauf;Veranstaltung;Titel deutet auf eine konkrete Aktion/Veranstaltung hin, Text fehlt aber.;https://www.cse.ruhr/aktuell/nachricht/1321-neue-kooperationsvereinbarung-fuer-treffpunkt-schulzzwanzig-unterzeichnet/
2026-05-13;evkln.de;Zwei Mitarbeiterinnen des Evangelischen Krankenhauses Dinslaken gestalten mit Farbe, Humor und viel Herz Räume im Klinikverbund;Personalie;Beschreibung von Mitarbeiterinnen und deren Projekt zur Raumgestaltung;https://www.evkln.de/der-verbund/news-details/wenn-klinikflure-geschichten-erzaehlen.html
2026-05-13;klinikum-hochsauerland.de;Deutsche Gesellschaft für Kardiologie erkennt hohe Behandlungsqualität und besondere Expertise am Alexianer Klinikum Hochsauerland an;Auszeichnung;Erkennung hoher Behandlungsqualität durch Fachgesellschaft;https://www.klinikum-hochsauerland.de/unternehmen/aktuelles/aktuell/deutsche-gesellschaft-fuer-kardiologie-erkennt-hohe-behandlungsqualitaet-und-besondere-expertise-am-alexianer-klinikum-hochsauerland-an
2026-05-13;raphaelsklinik.de;Clemenshospital: HERA liefert bessere Bilder für die Pränatalmedizin;Projekt;Neue technische Ausstattung durch HERA für die Pränatalmedizin;https://www.raphaelsklinik.de/unternehmen/aktuelles/aktuell/clemenshospital-hera-liefert-bessere-bilder-fuer-die-praenatalmedizin
2026-05-13;seniorenwohnen-im-park.de;Angehörigentreffen zum Thema Demenz;Veranstaltung;Ankündigung eines Angehörigentreffens zum Thema Demenz;https://www.seniorenwohnen-im-park.de/aktuelles/aktuelles-detail/65
2026-05-12;diakonie-bethanien.de;Pflege braucht Verlässlichkeit, keine Sparrunden: Matthias Ruf warnt vor den Folgen der geplanten Kürzungen in der Pflegefinanzierung;Positionierung;Offizieller Kommentar des Leiters zu aktuellen politischen Reformen und Finanzierungsfragen.;https://www.diakonie-bethanien.de/pflege-braucht-verlaesslichkeit-keine-sparrunden-matthias-ruf-warnt-vor-den-folgen-der-geplanten-kuerzungen-in-der-pflegefinanzierung/
2026-05-12;seniorenzentrum-halver.de;Pflege braucht Verlässlichkeit, keine Sparrunden: Matthias Ruf warnt vor den Folgen der geplanten Kürzungen in der Pflegefinanzierung;Positionierung;Offizieller Kommentar des Leiters zu aktuellen politischen Reformen und Finanzierungsfragen.;https://www.diakonie-bethanien.de/pflege-braucht-verlaesslichkeit-keine-sparrunden-matthias-ruf-warnt-vor-den-folgen-der-geplanten-kuerzungen-in-der-pflegefinanzierung/
2026-05-12;haus-st-josef-wadersloh.de;Jugendliche besuchen Seniorenzentrum zur Firmvorbereitung;Veranstaltung;Beschreibung eines Besuchs von Jugendlichen im Seniorenzentrum im Rahmen der Firmungsvorbereitung.;https://haus-st-josef-wadersloh.smmp.de/2026/05/12/jugendliche-besuchen-seniorenzentrum-zur-firmvorbereitung/
2026-05-12;hvghirten.de;Besuch von Weihbischof Zekorn beim Mittagstisch;Veranstaltung;Bericht über Besuch von Weihbischof Zekorn beim Mittagstisch;https://hvghirten.de/besuch-von-weihbischof-zekorn-beim-mittagstisch/
2026-05-12;aiutanda-westfalen.de;Ehepartner wird zum Pflegefall: Gemeinsam alt werden;Bericht;Artikel über spezifische Situation und Beratungsthema im Pflegebereich;https://aiutanda.de/de/artikel-beitraege/ehepartner-wird-zum-pflegefall/
2026-05-12;gesob-gmbh.de;Tanz in den Mai;Veranstaltung;Bericht über eine konkrete Aktion (Tanz in den Mai);https://www.gesob-gmbh.de/2026/05/12/tanz-in-den-mai/
2026-05-12;luehlerheim.de;Pädagogische Fachkraft (m/w/d);Stellenanzeige;Stellenausschreibung (regelbasiert erkannt);https://luehlerheim.de/stellenanzeigen/paedagogische-fachkraft-m-w-d/
2026-05-12;antoniushaus-lh.de;Kommunionfeier trifft Gospelchor;Veranstaltung;Bericht über eine spezifische Hausveranstaltung mit musikalischer Begleitung.;https://antoniushaus-lh.de/2026/05/12/kommunionfeier-trifft-gospelchor/
2026-05-12;franziskus-kleve.de;Tag der Pflege im Regina Pacis Haus Kevelaer;Veranstaltung;Bezug auf den internationalen Tag der Pflege und Dankesaktion für Mitarbeiter;https://franziskus-kleve.de/regina-pacis/tag-der-pflege-im-regina-pacis-haus-kevelaer/
2026-05-12;awo-kv-wesel.de;Vor kurzem fand das diesjährige Frühlingsfest im AWO Elisabeth-Selbert-Haus statt.;Veranstaltung;Bericht über ein durchgeführtes Fest;https://www.awo-kv-wesel.de/ueber-die-awo/aktuelles/oeffentlichkeitsarbeit/aktuelles/nachricht/das-awo-familienzentrum-kirchenkampstrasse-uebernimmt-spielplatzpatenschaft-719/
2026-05-12;belia.de;Belia – Ihr Urlaubspflegespezialist: Kurzzeitpflege mit Hotelfeeling;neues Angebot;Präsentation eines neuen Dienstleistungsangebots (Kurzzeitpflege mit Hotelfeeling);https://belia.de/news-detail/detail/belia-ihr-urlaubspflegespezialist-kurzzeitpflege-mit-hotelfeeling
2026-05-12;belia.de;Gemeinsam Erinnerungen teilen – Muttertagsbrunch mit unseren Bewohnerinnen;Veranstaltung;Muttertagsbrunch als spezifische Bewohnerveranstaltung;https://belia.de/news-detail/detail/gemeinsam-erinnerungen-teilen-muttertagsbrunch-mit-unseren-bewohnerinnen
2026-05-12;caritas-hamm.de;Mehr als 470 Caritas-Mitarbeitende feiern im CreativRevier Heinrich Robert;Veranstaltung;Beschreibung einer konkreten Feierveranstaltung mit Mitarbeiterzahl;https://www.caritas-hamm.de/aktuelles/presse/mehr-als-470-caritas-mitarbeitende-feiern-im-creativrevier-heinrich-robert-0ab73f23-cec9-4efc-9ed0-c
2026-05-12;caritas-olpe.de;Neue Kurberatungsstelle in Siegen: Caritas erleichtert Wege zu mehr Gesundheit und Wohlbefinden;Neues Angebot;Eröffnung einer neuen Beratungsstelle durch den Träger;https://www.caritas-olpe.de/news/details/neue-kurberatungsstelle-in-siegen-caritas-erleichtert-wege-zu-mehr-gesundheit-und-wohlbefinden
2026-05-12;caritasverband-dueren.de;Befähigungskurs zur ehrenamtlichen Hospizbegleitung ist gestartet!;Ausbildung;Start eines neuen Kurses für Ehrenamtliche;https://www.caritasverband-dueren.de/pressemitteilungen/befaehigungskurs-zur-ehrenamtlichen-hospizbegleitu/3291242/
2026-05-12;evkln.de;Kabelloser Herzschrittmacher erstmals im Herzzentrum Duisburg eingesetzt;Neues Angebot;Erstmaliger Einsatz einer medizinischen Innovation im Herzzentrum;https://www.evkln.de/der-verbund/news-details/kabelloser-herzschrittmacher-erstmals-im-herzzentrum-duisburg-eingesetzt.html
2026-05-11;kkimk.de;Buchspende für die Kleinsten;Aktion;Bericht über eine konkrete Buchspende an ein Krankenhaus.;https://kkimk.de/blog/2026/05/11/buchspende-fuer-die-kleinsten/
2026-05-11;clarastift-lh.de;Muttertag im Marien-Stift Havixbeck;Personalie;Innere Meldung über Wertschätzung und Aufmerksamkeit für Mitarbeiterinnen.;https://heilig-geist-stiftung.de/muttertag-im-marien-stift-havixbeck/
2026-05-11;heilig-geist-stiftung.de;Muttertag im Marien-Stift Havixbeck;Personalie;Innere Meldung über Wertschätzung und Aufmerksamkeit für Mitarbeiterinnen.;https://heilig-geist-stiftung.de/muttertag-im-marien-stift-havixbeck/
2026-05-11;marienstift-havixbeck.de;Muttertag im Marien-Stift Havixbeck;Personalie;Innere Meldung über Wertschätzung und Aufmerksamkeit für Mitarbeiterinnen.;https://heilig-geist-stiftung.de/muttertag-im-marien-stift-havixbeck/
2026-05-11;awo-kv-wesel.de;Das Vereinsgelände des Vereins VielGood e.V. am Strandhaus Ahr erneut Schauplatz der Wikingerkultur;Veranstaltung;Titel deutet auf eine kulturelle Veranstaltung (Wikingerkultur) am Vereinsgelände hin.;https://www.awo-kv-wesel.de/ueber-die-awo/aktuelles/oeffentlichkeitsarbeit/aktuelles/nachricht/bunter-nachmittag-und-vortrag-ueber-kuenstliche-intelligenz-717/
2026-05-11;awo-kv-wesel.de;Das Vereinsgelände des Vereins VielGood e.V. am Strandhaus Ahr erneut Schauplatz der Wikingerkultur;Veranstaltung;Titel deutet auf eine kulturelle Veranstaltung (Wikingerkultur) am Vereinsgelände hin.;https://www.awo-kv-wesel.de/ueber-die-awo/aktuelles/oeffentlichkeitsarbeit/aktuelles/nachricht/die-wikinger-zurueck-am-niederrhein-720/
2026-05-11;evkln.de;Förderverein und Sparkassen-Bürgerstiftung unterstützen Palliativstation im Evangelischen Krankenhaus Dinslaken;Projekt;Finanzierung und Unterstützung einer spezifischen Station;https://www.evkln.de/der-verbund/news-details/foerderverein-und-sparkassen-buergerstiftung-unterstuetzen-palliativstation-im-evangelischen-krankenhaus-dinslaken.html
2026-05-11;klinikum-hochsauerland.de;Neheimerin Lioba Cloer für starkes ehrenamtliches Engagement im Alexianer St. Johannes Pflegezentrum geehrt;Auszeichnung;Ehrung einer Mitarbeiterin für ehrenamtliches Engagement;https://www.klinikum-hochsauerland.de/unternehmen/aktuelles/aktuell/neheimerin-lioba-cloer-fuer-starkes-ehrenamtliches-engagement-im-alexianer-st-johannes-pflegezentrum-geehrt
2026-05-11;stiftler.de;Stiftler-Team beim AOK-Firmenlauf in Bad Salzuflen 🏃‍♀️🏃‍♂️;Veranstaltung;Bericht über Teilnahme des Teams an einem Firmenlauf;https://www.stiftler.de/stiftler-team-beim-aok-firmenlauf-in-bad-salzuflen-%f0%9f%8f%83%e2%99%80%ef%b8%8f%f0%9f%8f%83%e2%99%82%ef%b8%8f/
2026-05-10;haus-st-josef-wadersloh.de;CareTable begeistert Bewohner und Betreuungskräfte gleichermaßen;Projekt;Erfahrungsbericht zur Einführung eines digitalen Betreuungstools;https://haus-st-josef-wadersloh.smmp.de/2026/05/10/caretable-begeistert-bewohner-und-betreuungskraefte-gleichermassen/
2026-05-09;franziskus-kleve.de;Gemeinsam unterwegs: Domwallfahrt des St. Elisabeth-Hauses Xanten;Veranstaltung;Bericht über eine traditionelle Domwallfahrt mit Bewohnern;https://franziskus-kleve.de/st-elisabeth-haus/gemeinsam-unterwegs-domwallfahrt-des-st-elisabeth-hauses-xanten/
2026-05-09;diakonie-mark-ruhr.de;Letzte Hilfe Kurs: Wertvolle Tipps zur Sterbebegleitung und Vorsorge;Ausbildung;Ankündigung eines neuen Angebots/Kurses;https://www.diakonie-mark-ruhr.de/aktuelles?tx_ttnews%5Btt_news%5D=3635&cHash=fc76bf8842784feb4e88390cc2faa018
2026-05-09;diakonie-mark-ruhr.de;Tag der offenen Tür im Altenzentrum St. Jakobus in Breckerfeld;Veranstaltung;Ankündigung eines konkreten Events (Tag der offenen Tür);https://www.diakonie-mark-ruhr.de/aktuelles?tx_ttnews%5Btt_news%5D=3698&cHash=f617b1ec429cecedd11485852560b035
2026-05-09;haus-hoern.de;Garagenflohmarkt am 9. Mai 2026;Veranstaltung;Konkrete Ankündigung eines Flohmarkts mit Datum;https://www.haus-hoern.de/2026/04/14/garagenflohmarkt-am-09-mai-2026/
2026-05-08;laurentiusstift-coesfeld.de;Maifeste im St. Laurentius-Stift;Veranstaltung;Bericht über ein konkretes Event (Maifeste) mit Bildmaterial.;https://www.laurentiusstift-coesfeld.de/maifeste-im-st-laurentius-stift/
2026-05-08;asb-koeln.de;Letzter Wunsch erfüllt: Mit dem Wünschewagen zum 1. FC Köln;Projekt;Bericht über die Umsetzung des Wünschewagen-Projekts und die Aufnahme eines Gastes.;https://asb-koeln.de/artikel/2026/05/08/letzter-wunsch-erfuellt-mit-dem-wuenschewagen-zum-1fckoeln/
2026-05-08;belia.de;Tierischer Besuch in unserer Tagespflege durch die fahrende Falknerin;Veranstaltung;Bericht über ein konkretes Projekt/Event in der Tagespflege;https://belia.de/news-detail/detail/tierischer-besuch-in-unserer-tagespflege-durch-die-fahrende-falknerin
2026-05-08;caritas-olpe.de;„StafFa – Stark für Familien“: Neues Projekt im Kreis Olpe gestartet;Projekt;Start eines neuen Projekts;https://www.caritas-olpe.de/news/details/staffa-stark-fuer-familien-neues-projekt-im-kreis-olpe-gestartet
2026-05-08;caritasverband-dueren.de;Tag der Pflege: Seniorinnen und Senioren danken ihren Pflegekräften;Veranstaltung;Bezug auf das jährliche 'Tag der Pflege'-Event;https://www.caritasverband-dueren.de/pressemitteilungen/tag-der-pflege-seniorinnen-und-senioren-danken-ihr/3291133/
2026-05-08;doreafamilie.de;Erweiterung erfolgreich eröffnet: DOREAFAMILIE Aschendorf feiert neuen Anbau;Eröffnung;Neuer Anbau wurde erfolgreich eröffnet;https://www.doreafamilie.de/unternehmen/neuigkeiten/erweiterung-erfolgreich-eroeffnet-doreafamilie-aschendorf-feiert-neuen
2026-05-07;elisabethstift-nottuln.de;Rikscha-Touren jetzt auch mit dem Rolli-Fiets;neues Angebot;Einführung einer neuen Maßnahme (Rolli-Fiets) für Bewohner;https://www.elisabethstift-nottuln.de/rikscha-touren-jetzt-auch-mit-dem-rolli-fiets/
2026-05-07;curata.de;Ortenberg-Selters: Pilates im CURATA Benediktuspark Ortenberg – Bewegung, die gut tut!;Veranstaltung;Bericht über eine konkrete Aktivität (Pilates-Stunde) mit Personalie.;https://www.curata.de/pilates-im-benediktuspark/
2026-05-07;bergischeresidenz.de;„Auf den Frühling!“ – Frühlingsfest in der Bergischen Residenz.;Veranstaltung;Ankündigung eines Frühlingsfestes;https://www.bergischeresidenz.de/auf-den-fruehling-fruehlingsfest-in-der-bergischen-residenz/
2026-05-07;kolfhaus.de;Mit Hilfe des Bürgerkoffers zum neuen Personalausweis;neues Angebot;Einführung des mobilen Bürgerkoffers für Ausweisanträge und Ummeldungen im Seniorenzentrum.;https://www.seniorenzentrum-heinrich-kolfhaus.de/mit-hilfe-des-buergerkoffers-zum-neuen-personalausweis/
2026-05-07;awo-kv-wesel.de;Zum wiederholten Mal besucht das Seniorentheater des Schlosstheaters Moers die AWO Begegnungsstätte in Moers-Kapellen an der Ehrenmalstraße 2.;Veranstaltung;Bericht über wiederkehrende kulturelle Veranstaltung;https://www.awo-kv-wesel.de/ueber-die-awo/aktuelles/oeffentlichkeitsarbeit/aktuelles/nachricht/klueger-gegen-betrueger-715/
2026-05-07;awo-kv-wesel.de;Zum wiederholten Mal besucht das Seniorentheater des Schlosstheaters Moers die AWO Begegnungsstätte in Moers-Kapellen an der Ehrenmalstraße 2.;Veranstaltung;Bericht über wiederkehrende kulturelle Veranstaltung;https://www.awo-kv-wesel.de/ueber-die-awo/aktuelles/oeffentlichkeitsarbeit/aktuelles/nachricht/seniorentheater-des-schlosstheaters-moers-im-awo-bbz-moers-kapellen-zu-gast-718/
2026-05-07;caritas-neuss.de;„StattRaum“ für Obdachlose eröffnet;Eröffnung;Neue Einrichtung für Obdachlose;https://www.caritas-neuss.de/aktuelles/news/StattRaum-fuer-Obdachlose-eroeffnet/
2026-05-07;malteser.de;400 Malteser auf dem Katholikentag im Einsatz;Veranstaltung;Bericht über den Einsatz von 400 Maltesern beim Katholikentag;https://www.malteser.de/newsdetails/news/buendnis-fordert-bundesweit-einheitliche-ersthelfenden-alarmierung-via-smartphone.html
2026-05-07;st-josef-in-uebach.de;Verabschiedung unserer Mitarbeiterin Ruth Geller;Personalie;Verabschiedung einer Mitarbeiterin;https://www.st-josef-in-uebach.de/aktuelles/beitrag-lesen/verabschiedung-unserer-mitarbeiterin-ruth-geller.html
2026-05-07;stiftler.de;Fotoausstellung von Andreas Blanke im Ev. Stift zu Wüsten;Veranstaltung;Ankündigung einer Fotoausstellung eines Künstlers;https://www.stiftler.de/fotoausstellung-von-andreas-blanke-im-ev-stift-zu-wuesten/
2026-05-06;hvghirten.de;Kapiteltreffen in Rom;Veranstaltung;Bericht über ein internes Treffen und Organisationsänderungen.;https://hvghirten.de/kapiteltreffen-in-rom/
2026-05-06;ahfr.de;Sommerfest am 13. Juni;Veranstaltung;Einladung zu einem konkreten Festtermin;https://www.ahfr.de/sommerfest-am-13-juni/
2026-05-06;lina-oberbaeumer-haus.de;Frühlingsfreude und Maibrauchtum;Veranstaltung;Bericht über ein traditionelles Festereignis für Bewohner;https://lina-oberbaeumer-haus.de/2026/05/06/fruehlingsfreude-und-maibrauchtum/
2026-05-06;haus-phoebe.de;Frühstück unterm Maibaum;Veranstaltung;Bericht über eine vom Heim organisierte oder geförderte Gemeinschaftsveranstaltung.;https://haus-phoebe.de/2026/05/06/fruehstueck-unterm-maibaum/
2026-05-06;katharinenstift-coesfeld.de;Angehörigennachmittag;Veranstaltung;Bericht über eine eröffnete Veranstaltung mit Vortrag;https://www.katharinenstift-coesfeld.de/angehoerigennachmittag/
2026-05-06;hanse-zentrum.de;Tierischer Besuch;Projekt;Bericht über tiergestützte Interventionen im Heimsalltag;https://www.hanse-zentrum.de/2026/05/06/tierischer-besuch/
2026-05-06;kkh-hagen.de;Sachbeabeiter:in für die Finanzbuchhaltung (m/w/d);Stellenanzeige;Stellenausschreibung (regelbasiert erkannt);https://kkh-hagen.de/sachbeabeiterin-fuer-die-finanzbuchhaltung-m-w-d/
2026-05-06;kkimk.de;Sachbearbeiter:in für die Finanzbuchhaltung (m/w/d);Stellenanzeige;Stellenausschreibung (regelbasiert erkannt);https://kkimk.de/blog/2026/05/06/sachbearbeiterin-fuer-die-finanzbuchhaltung-m-w-d/
2026-05-06;caritas-hamm.de;Auszubildende der Caritas Hamm für NRW-Pflegepreis nominiert;Auszeichnung;Nominierung von Auszubildenden für einen regionalen Pflegepreis;https://www.caritas-hamm.de/aktuelles/presse/auszubildende-der-caritas-hamm-fuer-nrw-pflegepreis-nominiert-428abb8a-d8d1-475d-886e-6744bbf68c22
2026-05-06;caritasverband-dueren.de;Zwei Auszubildende aus dem Caritasverband Düren-Jülich von der IHK Aachen ausgezeichnet;Auszeichnung;Titel beschreibt eine Auszeichnung für Auszubildende des Trägers.;https://www.caritasverband-dueren.de/pressemitteilungen/zwei-auszubildende-aus-dem-caritasverband-dueren-j/3291091/
2026-05-06;kkle.de;Strategische SchlüsselfunktionAnnabell Venhoven leitet neue Stabsstelle Zentrales Belegungsmanagement;Personalie;Neubesetzung einer leitenden Position;https://www.kkle.de/news/annabell-venhoven-leitet-neue-stabsstelle-zentrales-belegungsmanagement
2026-05-05;johannes-bochum.de;Frischer Erdbeerkuchen und Musik – gemeinsam lachen und feiern;Veranstaltung;Bericht über ein konkretes Festereignis;https://johannes-bochum.de/frischer-erdbeerkuchen-und-musik-gemeinsam-lachen-und-feiern/
2026-05-05;hvghirten.de;Laptop-Spende von Curacon;Projekt;Neues Angebot durch Spende zur digitalen Teilhabe;https://hvghirten.de/laptop-spende-von-curacon/
2026-05-05;bergischeresidenz.de;Der „Mehr-Mobilität-Wagen“ – Bergische Residenz Refrath unterstützt evangelisches Sozialmobil.;Projekt;Unterstützung eines sozialen Projekts durch das Pflegeheim;https://www.bergischeresidenz.de/der-mehr-mobilitaet-wagen-bergische-residenz-refrath-unterstuetzt-evangelisches-sozialmobil/
2026-05-05;antoniushaus-lh.de;Maibaum aufstellen 2026;Veranstaltung;Bericht über eine konkrete Aktion (Maibaum-Aufstellen) mit Einbindung von Personal und Gästen.;https://antoniushaus-lh.de/2026/05/05/maibaum-aufstellen-2026/
2026-05-05;seniorenhaus-korschenbroich.de;Save the Date: 11.07.2026 Sommerfest;Veranstaltung;Einladung zu einem Sommerfest;https://www.seniorenhaus-korschenbroich.de/2026/05/05/save-the-date-11-07-2026-sommerfest/
2026-05-05;stift-tilbeck-gmbh.de;Alexianer Stift Tilbeck GmbH – Start in ein neues Kapitel;Unternehmensstruktur;Offizieller Zusammenschluss und Neubesetzung der Geschäftsführung;https://www.stift-tilbeck.de/alexianer-stift-tilbeck-gmbh-start-in-ein-neues-kapitel/
2026-05-05;stift-tilbeck.de;Alexianer Stift Tilbeck GmbH – Start in ein neues Kapitel;Unternehmensstruktur;Offizieller Zusammenschluss und Neubesetzung der Geschäftsführung;https://www.stift-tilbeck.de/alexianer-stift-tilbeck-gmbh-start-in-ein-neues-kapitel/
2026-05-05;kkh-hagen.de;MFA (m/w/d);Stellenanzeige;Stellenausschreibung (regelbasiert erkannt);https://kkh-hagen.de/mfa-mvz-m-w-d/
2026-05-05;augusta-kliniken.de;Fortbildungstag von der Pflege für die Pflege im EvK Hattingen;Veranstaltung;Ankündigung eines spezifischen Fortbildungstages;https://www.augusta-kliniken.de/aktuelle-meldungen/meldung/fortbildungstag-von-der-pflege-fuer-die-pflege-im-evk-hattingen.html
2026-05-05;diakonie-mark-ruhr.de;Wildkräuter entdecken: Kurs für Naturbegeisterte;Aktion;Ankündigung eines konkreten Angebots/Kurses;https://www.diakonie-mark-ruhr.de/aktuelles?tx_ttnews%5Btt_news%5D=3694&cHash=980821325a90e8d9e40f74d2346917a5
2026-05-05;evkln.de;Kunstprojekt im Evangelischen Klinikum Niederrhein;Kunstprojekt;Titel deutet auf ein konkretes kulturelles Projekt im Klinikum hin.;https://www.evkln.de/der-verbund/news-details/mehr-farbe-und-ein-schmunzeln-im-klinikalltag.html
2026-05-05;klinikum-hochsauerland.de;Veranstaltungshinweis: Endometriose erkennen und behandeln;Veranstaltung;Titel deutet auf eine konkrete Gesundheitsveranstaltung oder Informationsaktion hin.;https://www.klinikum-hochsauerland.de/unternehmen/aktuelles/aktuell/veranstaltungshinweis-endometriose-erkennen-und-behandeln
2026-05-04;haus-st-josef-wadersloh.de;Unser Kioskwagen – Einkauf mit Herz direkt im Haus;neues Angebot;Beschreibung eines neuen Einkaufsangebots (Kioskwagen) für Bewohner;https://haus-st-josef-wadersloh.smmp.de/2026/05/04/unser-kioskwagen-einkauf-mit-herz-direkt-im-haus/
2026-05-04;bethesda-borbeck.de;Parkleuchten;Veranstaltung;Bericht über einen Ausflug mit Bewohnern;https://www.bethesda-borbeck.de/index.php/de/aktuell/aktuelles/334-parkleuchten
2026-05-04;luehlerheim.de;Pflegefachkraft / Pflegefachassistenz für den Wochenenddienst (Minijob);Personalie;Anzeige einer neuen Stellenbesetzung;https://luehlerheim.de/stellenanzeigen/pflegefachkraft-pflegefachassistenz-fuer-den-wochenenddienst-minijob/
2026-05-04;kkle.de;Zukunftschancen in der PflegeBildungsakademie für Gesundheitsberufe: 42 Nachwuchskräfte starten in die Ausbildung;Personalie;Start von 42 neuen Auszubildenden;https://www.kkle.de/news/bildungsakademie-fuer-gesundheitsberufe-42-nachwuchskraefte-starten-in-die-ausbildung
2026-05-03;gsf-seniorenheime.de;Pflegefachkraft als stellvertretende Pflegedienstleitung (m/w/d) in Vollzeit oder Teilzeit;Stellenanzeige;Stellenausschreibung (regelbasiert erkannt);https://www.gsf-seniorenheime.de/pflegefachkraft-als-stellvertretende-pflegedienstleitung-m-w-d-in-vollzeit-oder-teilzeit/
2026-05-02;franziskus-kleve.de;Gemeinsames Maibaumsetzen am Veronika‑Haus;Veranstaltung;Bericht über eine lokale Gemeinschaftsaktion und Feier;https://franziskus-kleve.de/veronika-haus/gemeinsames-maibaumsetzen-am-veronika-haus/
2026-05-02;franziskus-kleve.de;Musikalischer Nachmittag mit dem Duo Hörbar;Veranstaltung;Bericht über einen kulturellen Nachmittag für Bewohner;https://franziskus-kleve.de/veronika-haus/musikalischer-nachmittag-mit-dem-duo-hoerbar/
2026-05-02;franziskus-kleve.de;Gemeinsam den Mai begrüßen: Maibaumstellen im Franziskus‑Haus Kleve;Veranstaltung;Beschreibung einer jährlichen Gemeinschaftsaktion (Maibaumstellen) mit Bewohnerbeteiligung.;https://franziskus-kleve.de/franziskus-haus/gemeinsam-den-mai-begruessen-maibaumstellen-im-franziskus-haus-kleve/
2026-05-02;franziskus-kleve.de;Gut besuchte Maiandacht im Franziskus-Haus;Veranstaltung;Bericht über eine traditionelle Maiandacht mit Besucherzahlen und Beschreibung des Ablaufs.;https://franziskus-kleve.de/franziskus-haus/gut-besuchte-maiandacht-im-franziskus-haus/
2026-05-02;protea.care;Das Waffelcafé öffnet am 10. Mai 2026 um 15 Uhr!;Eröffnung;Neues Angebot/Eröffnung eines Cafés;https://protea.care/das-waffelcafe-oeffnet-am-10-mai-2026-um-15-uhr/
2026-05-01;stiftung-kempen.de;Richtfest: 150 Gäste staunen;Eröffnung;Bericht über Richtfest und Baufortschritt eines neuen Wohnensembles;https://stiftung-kempen.de/richtfest/
2026-04-30;seniorenheim-neandertal.de;Heimzeitung Mai 2026;Veranstaltung;Veröffentlichung einer Ausgabe der Heimzeitung;https://www.seniorenheim-neandertal.de/2026/04/30/heimzeitung-mai-2026/
2026-04-30;adolphi-stiftung.de;Pflanzaktion;Aktion;Beschreibung einer gemeinsamen Pflanzaktion mit Bewohnern und Ehrenamtlichen.;https://adolphi-stiftung.de/pflanzaktion/
2026-04-30;eszk.de;Pflanzaktion;Aktion;Beschreibung einer gemeinsamen Pflanzaktion mit Bewohnern und Ehrenamtlichen.;https://adolphi-stiftung.de/pflanzaktion/
2026-04-30;adolphi-stiftung.de;Azubi Party „Our Nurses, Our Future“;Veranstaltung;Bericht über eine konkrete Azubi-Party im Rahmen des Tag der Pflege.;https://adolphi-stiftung.de/azubi-party-our-nurses-our-future/
2026-04-30;eszk.de;Azubi Party „Our Nurses, Our Future“;Veranstaltung;Bericht über eine konkrete Azubi-Party im Rahmen des Tag der Pflege.;https://adolphi-stiftung.de/azubi-party-our-nurses-our-future/
2026-04-30;laurentiusstift-coesfeld.de;Vorbereitungen für den Mai – der Maibaum wird aufgestellt;Veranstaltung;Beschreibung einer konkreten Aktion (Maibaumaufstellen) mit Bewohnern;https://www.laurentiusstift-coesfeld.de/maibaum-aufstellen/
2026-04-30;martinus.smmp.de;Wir eröffnen eine zweite Tagespflege;Eröffnung;Neue Einrichtung mit zwölf Plätzen;https://martinus.smmp.de/2026/04/30/wir-eroeffnen-eine-zweite-tagespflege/
2026-04-30;haus-phoebe.de;Dämmerschoppen „Tanz in den Mai“;Veranstaltung;Bericht über eine im Haus durchgeführte soziale Veranstaltung.;https://haus-phoebe.de/2026/04/30/daemmerschoppen-tanz-in-den-mai/
2026-04-30;caritas-geldern.de;Ehrenamtliche Frauen für das Interkulturelle Frauenfest in Geldern gesucht;Stellenanzeige;Stellenausschreibung (regelbasiert erkannt);https://www.caritas-geldern.de/verband/presse/presse/ehrenamtliche-frauen-fuer-das-interkulturelle-frauenfest-in-geldern-gesucht-3f641223-c041-4da8-967b-
2026-04-30;caritas-herten.de;REWE Engelhardt fördert soziales Engagement, Caritas profitiert: Auszubildende sammeln Lebensmittel für die Tafel Herten;Projekt;Auszubildende sammeln Lebensmittel für die Tafel;https://www.caritas-herten.de/caritas-und-kirche/pressemitteilungen/rewe-engelhardt-foerdert-soziales-engagement-caritas-profitiert-auszubildende-sammeln-lebensmittel-f
2026-04-30;caritasverband-steinfurt.de;500 Euro-Spende von ONVIO für Projekt Weg-Gefährten;Spende;Neue finanzielle Förderung für ein konkretes Projekt;https://www.caritasverband-steinfurt.de/pressemitteilungen/500-euro-spende-von-onvio-fuer-projekt-weg-gefaehr/3282416/
2026-04-30;diakonie-muenster.de;Abschied und Neubeginn: Wechsel in der Bereichsleitung im Beratungs- und BildungsCentrum;Personalie;Meldung über Wechsel in der Bereichsleitung;https://diakonie-muenster.de/wechsel-in-der-bereichsleitung-im-beratungs-und-bildungscentrum/
2026-04-30;evkln.de;Neue Spezialsprechstunde am Johanniter Krankenhaus Oberhausen für seltene und komplexe Lungenerkrankungen;neues Angebot;Eröffnung einer neuen Spezialsprechstunde für seltene Lungenerkrankungen;https://www.evkln.de/der-verbund/news-details/neue-spezialsprechstunde-am-johanniter-krankenhaus-oberhausen-fuer-seltene-und-komplexe-lungenerkrankungen.html
2026-04-29;vinzentinerinnen.de;Schließung des Hauses Rosalie Rendu;Schließung;Wichtige Neuigkeit über die Schließung einer Einrichtung;https://vinzentinerinnen.de/blog/2026/04/29/schliessung-des-hauses-rosalie-rendu/
2026-04-29;haus-hellersen.de;Seminar im Haus Hellersen: Prävention und Handlungssicherheit bei sexualisierter Gewalt am Arbeitsplatz;Veranstaltung;Bericht über ein durchgeführtes Seminar im Haus.;https://haus-hellersen.de/seminar-im-haus-hellersen-praevention-und-handlungssicherheit-bei-sexualisierter-gewalt-am-arbeitsplatz
2026-04-29;altenheime-essen.de;Neuer Heimbeirat im Papst Leo Haus;Personalie;Wahl eines neuen Heimbeirats;https://ng-se.de/neuer-heimbeirat-im-papst-leo-haus/
2026-04-29;ng-se.de;Neuer Heimbeirat im Papst Leo Haus;Personalie;Wahl eines neuen Heimbeirats;https://ng-se.de/neuer-heimbeirat-im-papst-leo-haus/
2026-04-29;elisabethstift-nottuln.de;SAVE THE DATE! 💬 Vortrag: „Alles rund um den Heimeinzug – Finanzierung und Pflegeversicherung“;Veranstaltung;Ankündigung einer Vortragsreihe mit konkretem Datum und Thema.;https://www.elisabethstift-nottuln.de/save-the-date-%f0%9f%92%ac-vortrag-alles-rund-um-den-heimeinzug-finanzierung-und-pflegeversicherung/
2026-04-29;ravensberger-residenz.de;Frühling in der Ravensberger Residenz;Veranstaltung;Bericht über einen Bewohnerausflug und ein kulinarisches Event.;https://ravensberger-residenz.de/fruehling-in-der-ravensberger-residenz/
2026-04-29;boecker-stiftung.de;Boecker-Kurier 5/2026;Veranstaltung;Veröffentlichung einer neuen Publikation (Kurier) mit inhaltlichen Rückblicken und Ankündigungen.;https://www.boecker-stiftung.de/boecker-kurier-5-2026/
2026-04-29;augustahospital.de;Start einer Informationsreihe;Aktion;Start einer neuen Informationsreihe ist ein neues Angebot/Aktion.;https://www.augustahospital.de/unternehmen/aktuelles/aktuell/start-einer-informationsreihe
2026-04-29;seniorenwohnen-im-park.de;Wir feiern die Walburgisnacht;Veranstaltung;Titel deutet auf eine spezifische Feier/Veranstaltung hin.;https://www.seniorenwohnen-im-park.de/aktuelles/aktuelles-detail/64
2026-04-28;elisabethstift-nottuln.de;Gesundheitstag der AOK für unsere Mitarbeitenden;Aktion;Bericht über eine interne Veranstaltung (Gesundheitstag) mit konkreten Aktivitäten.;https://www.elisabethstift-nottuln.de/gesundheitstag-der-aok-fuer-unsere-mitarbeitenden/
2026-04-28;awo-rhein-oberberg.de;AG Freie Wohlfahrtspflege besucht die Kommunen;Veranstaltung;Bericht über Besuch und Projektpräsentation;https://www.awo-rhein-oberberg.de/blog/2026/04/28/ag-freie-wohlfahrtsverbaende-besucht-die-kommunen/
2026-04-28;caritas-dortmund.de;Zukunft der Pflege in Dortmund: SeniorenDo lädt zum Dialog ins Rathaus;Veranstaltung;Einladung zu einer öffentlichen Diskussionsveranstaltung;http://www.caritas-dortmund.de/aktuelles/presse/zukunft-der-pflege-in-dortmund-seniorendo-laedt-zum-dialog-ins-rathaus-8660e451-bd78-4d71-aa32-607a1
2026-04-28;caritasdortmund.de;Zukunft der Pflege in Dortmund: SeniorenDo lädt zum Dialog ins Rathaus;Veranstaltung;Einladung zu einer öffentlichen Diskussionsveranstaltung;http://www.caritas-dortmund.de/aktuelles/presse/zukunft-der-pflege-in-dortmund-seniorendo-laedt-zum-dialog-ins-rathaus-8660e451-bd78-4d71-aa32-607a1
2026-04-28;clarastift-lh.de;Mitarbeitervorstellung;Personalie;Vorstellung einer Mitarbeiterin mit Porträt;https://heilig-geist-stiftung.de/mitarbeitervorstellung/
2026-04-28;heilig-geist-stiftung.de;Mitarbeitervorstellung;Personalie;Vorstellung einer Mitarbeiterin mit Porträt;https://heilig-geist-stiftung.de/mitarbeitervorstellung/
2026-04-28;marienstift-havixbeck.de;Mitarbeitervorstellung;Personalie;Vorstellung einer Mitarbeiterin mit Porträt;https://heilig-geist-stiftung.de/mitarbeitervorstellung/
2026-04-28;clarastift-lh.de;Heimat im Kopf;Projekt;Beschreibung eines neuen inklusiven Projekts zur geistigen Aktivierung von Senioren.;https://heilig-geist-stiftung.de/heimat-im-kopf/
2026-04-28;heilig-geist-stiftung.de;Heimat im Kopf;Projekt;Beschreibung eines neuen inklusiven Projekts zur geistigen Aktivierung von Senioren.;https://heilig-geist-stiftung.de/heimat-im-kopf/
2026-04-28;marienstift-havixbeck.de;Heimat im Kopf;Projekt;Beschreibung eines neuen inklusiven Projekts zur geistigen Aktivierung von Senioren.;https://heilig-geist-stiftung.de/heimat-im-kopf/
2026-04-28;haus-phoebe.de;10 Jahre und 15 Jahre im Team;Personalie;Jubiläum und Anerkennung einer Mitarbeiterin;https://haus-phoebe.de/2026/04/28/10-jahre-und-15-jahre-im-team/
2026-04-28;gesob-gmbh.de;Waldwoche;Veranstaltung;Bericht über eine organisierte Aktivität (Waldwoche) für die Bewohner.;https://www.gesob-gmbh.de/2026/04/28/waldwoche/
2026-04-28;stemweder-berg-seniorenhaus.de;Pflegefachkraft / Pflegefachmann / Pflegefachfrau;Stellenanzeige;Stellenausschreibung (regelbasiert erkannt);https://stemweder-berg-seniorenhaus.de/pflegefachkraft-pflegefachmann-pflegefachfrau/
2026-04-28;diakonie-rkn.de;Programm im Diakonie Stift Norf;Veranstaltung;Regelmäßige kulturelle Veranstaltung angekündigt;https://www.diakonie-rkn.de/aktuelles/programm-im-diakonie-stift-norf/
2026-04-28;johannes-bochum.de;Ruhrpott-Comedy mit Anton Klopotek;Veranstaltung;Bericht über eine Comedy-Show mit Anton Klopotek;https://johannes-bochum.de/2026-anton-klopotek/
2026-04-28;awo-kv-wesel.de;Kinder von Musikprojekt „Dschungeldoktor Mika“ begeistert;Veranstaltung;Titel deutet auf ein konkretes kulturelles Projekt oder eine Veranstaltung hin.;https://www.awo-kv-wesel.de/ueber-die-awo/aktuelles/oeffentlichkeitsarbeit/aktuelles/nachricht/dschungelfieber-und-viel-gute-laune-in-der-awo-kita-averbruchstrasse-713/
2026-04-28;diakonie-mark-ruhr.de;Onlinetreffen für berufstätige Angehörige von Pflegebedürftigen;Veranstaltung;Ankündigung eines konkreten Online-Ereignisses für eine Zielgruppe;https://www.diakonie-mark-ruhr.de/aktuelles?tx_ttnews%5Btt_news%5D=3685&cHash=72203f2d33f690f5822eb11334c90719
2026-04-27;boecker-stiftung.de;50 Jahre Grundsteinlegung;Jubiläum;Gedenken an historisches Datum und Festakt zur 50-Jahr-Feier;https://www.boecker-stiftung.de/50-jahre-grundsteinlegung/
2026-04-27;vivat-leben.de;Tierischer Besuch in der Vivat am 27.04.2026;Veranstaltung;Bericht über einen Besuch von Alpakas als besonderes Ereignis für Bewohner und Mitarbeiter.;https://vivat-gmbh.de/2026/04/27/tierischer-besuch-in-der-vivat-am-27-04-2026/
2026-04-27;lavida-pflegepartner.de;Schüttorf Pflegeprozessbeauftragter / Dokumentationsbeauftragter;Personalie;Titelbezeichnung deutet auf eine neue Personalzuteilung oder Ernennung hin.;https://lavida-pflegepartner.de/karriere/schuettorf-pflegeprozessbeauftragter-dokumentationsbeauftragter/
2026-04-27;haus-phoebe.de;10 Jahre Engagement im Sozialen Dienst;Personalie;Jubiläum und Anerkennung einer Mitarbeiterin;https://haus-phoebe.de/2026/04/27/10-jahre-engagement-im-sozialen-dienst/
2026-04-27;vivat-leben.de;Bewegte Tagespflege — Auszeichnung der IKK classic;Auszeichnung;Die Meldung beschreibt eine konkrete Auszeichnung für ein Projekt, was eine echte Neuigkeit darstellt.;https://vivat-gmbh.de/2026/04/27/bewegte-tagespflege-auszeichnung-der-ikk-classic/
2026-04-27;awo-kv-wesel.de;Informieren, austauschen und kennenlernen bei unserer Willkommensveranstaltung;Veranstaltung;Titel deutet auf eine Willkommensveranstaltung hin;https://www.awo-kv-wesel.de/ueber-die-awo/aktuelles/oeffentlichkeitsarbeit/aktuelles/nachricht/herzlich-willkommen-bei-der-awo-712/
2026-04-27;caritas-olpe.de;Seit zehn Jahren Herzensort im Wend’schen: Caritas-Tagespflege lädt zum Jubiläum ein;Veranstaltung;Jubiläumseinladung;https://www.caritas-olpe.de/news/details/seit-zehn-jahren-herzensort-im-wendschen-caritas-tagespflege-laedt-zum-jubilaeum-ein-1
2026-04-27;evkln.de;Medizin im Revier: Moderner Gelenkersatz bei Hüfte und Knie im Johanniter Krankenhaus Oberhausen;Eröffnung;Präsentation neuer medizinischer Leistung und Modernisierung;https://www.evkln.de/der-verbund/news-details/orthopaedie-experten-informieren-am-5-mai.html
2026-04-27;klinikum-hochsauerland.de;Großspende ermöglicht Anschaffung eines modernen Neuronavigationsgerät für die Neurochirurgie;Investition;Erwähnung einer Großspende für Anschaffung medizinischer Technologie;https://www.klinikum-hochsauerland.de/unternehmen/aktuelles/aktuell/grossspende-ermoeglicht-anschaffung-eines-modernen-neuronavigationsgeraet-fuer-die-neurochirurgie
2026-04-27;raphaelsklinik.de;Töne der Toskana sollen Wohlbefinden von Patient*innen auf Krebsstation verbessern;Projekt;Neue Maßnahme zur Verbesserung des Wohlbefindens;https://www.raphaelsklinik.de/unternehmen/aktuelles/aktuell/toene-der-toskana-sollen-wohlbefinden-von-patientinnen-auf-krebsstation-verbessern
2026-04-26;stemweder-berg-seniorenhaus.de;Pflegefachassistent;Stellenanzeige;Stellenausschreibung (regelbasiert erkannt);https://stemweder-berg-seniorenhaus.de/pflegefachassistent/
2026-04-26;altenheime-essen.de;5 Sterne für St. Maria Immaculata;Auszeichnung;Titel deutet auf eine Auszeichnung (5 Sterne) für das Pflegeheim hin.;https://ng-se.de/5-sterne-fuer-st-maria-immaculata-11/
2026-04-26;ng-se.de;5 Sterne für St. Maria Immaculata;Auszeichnung;Titel deutet auf eine Auszeichnung (5 Sterne) für das Pflegeheim hin.;https://ng-se.de/5-sterne-fuer-st-maria-immaculata-11/
2026-04-26;st-josef-in-uebach.de;Frühjahrskonzert des Frauenchors Li(e)dschatten;Veranstaltung;Ankündigung eines kulturellen Events (Konzer);https://www.st-josef-in-uebach.de/aktuelles/beitrag-lesen/fruehjahrskonzert-des-frauenchors-li-e-dschatten.html
2026-04-25;stemweder-berg-seniorenhaus.de;Pflegehilfskraft;Stellenanzeige;Stellenausschreibung (regelbasiert erkannt);https://stemweder-berg-seniorenhaus.de/pflegehilfskraft/
2026-04-25;int-bsw.de;"Beim Elternworkshop am 25.04.2026 werden nun die Angehörigen für einen Tag ""therapiert"".";Veranstaltung;Ankündigung eines konkreten Angehörigen-Workshops;https://www.int-bsw.de/aus-den-einrichtungen/beim-elternworkshop-am-25042026-werden-nun-die-angehoerigen-fuer-einen-tag-therapiert
2026-04-24;altenheime-essen.de;Besuch der Altenpflegemesse in Essen;Veranstaltung;Bericht über Teilnahme an Fachmesse;https://ng-se.de/besuch-der-altenpflegemesse-in-essen/
2026-04-24;ng-se.de;Besuch der Altenpflegemesse in Essen;Veranstaltung;Bericht über Teilnahme an Fachmesse;https://ng-se.de/besuch-der-altenpflegemesse-in-essen/
2026-04-24;stemweder-berg-seniorenhaus.de;Verwaltungsfachkraft;Stellenanzeige;Stellenausschreibung (regelbasiert erkannt);https://stemweder-berg-seniorenhaus.de/verwaltungsfachkraft/
2026-04-24;kkimk.de;Assistenzarzt (m/w/d);Stellenanzeige;Stellenausschreibung (regelbasiert erkannt);https://kkimk.de/blog/2026/04/24/assistenzarzt-m-w-d-fuer-die-allgemeine-innere-medizin-kardiologie/
2026-04-24;vivat-leben.de;Ausflug zum Gartencenter Breuer nach Sankt Augustin am 24.04.2026;Veranstaltung;Bericht über einen organisierten Ausflug für die Bewohner;https://vivat-gmbh.de/2026/04/24/ausflug-zum-gartencenter-breuer-nach-sankt-augustin-am-24-04-2026/
2026-04-24;awo-kv-wesel.de;Am Dienstag, 5. Mai, um 16 Uhr, kommt „der Doktor“ in den AWO-Treff Kapellen, Ehrenmalstraße 2 in 47447 Moers.;Veranstaltung;Einladung zu einem konkreten Termin mit einem Gast im AWO-Treff.;https://www.awo-kv-wesel.de/ueber-die-awo/aktuelles/oeffentlichkeitsarbeit/aktuelles/nachricht/achtung-der-doktor-kommt-vortrag-ueber-die-elektronische-patientenakte-im-awo-treff-kapellen-710/
2026-04-24;awo-kv-wesel.de;Am Dienstag, 5. Mai, um 16 Uhr, kommt „der Doktor“ in den AWO-Treff Kapellen, Ehrenmalstraße 2 in 47447 Moers.;Veranstaltung;Einladung zu einem konkreten Termin mit einem Gast im AWO-Treff.;https://www.awo-kv-wesel.de/ueber-die-awo/aktuelles/oeffentlichkeitsarbeit/aktuelles/nachricht/kulturcafe-im-awo-treff-kapellen-711/
2026-04-24;caritas-olpe.de;Seit zehn Jahren Herzensort im Wend’schen: Caritas-Tagespflege lädt zum Jubiläum ein;Veranstaltung;Jubiläumseinladung;https://www.caritas-olpe.de/news/details/seit-zehn-jahren-herzensort-im-wendschen-caritas-tagespflege-laedt-zum-jubilaeum-ein
2026-04-23;haus-st-josef-wadersloh.de;Innovationsgeist trifft Pflegeherz: Unser Besuch auf der Altenpflege Messe 2026;Veranstaltung;Bericht über Messebesuch und neue Impulse;https://haus-st-josef-wadersloh.smmp.de/2026/04/23/innovationsgeist-trifft-pflegeherz-unser-besuch-auf-der-altenpflege-messe-2026/
2026-04-23;elisabethstift-nottuln.de;Boys und Girls Day;Veranstaltung;Bericht über eine spezifische Aktion (Boys und Girls Day);https://www.elisabethstift-nottuln.de/boys-und-girls-day/
2026-04-23;laurentiusstift-coesfeld.de;Impuls für die Gesundheit – kleine Auszeit, große Wirkung!;neues Angebot;Ankündigung eines neuen Gesundheitsangebots für Mitarbeiter;https://www.laurentiusstift-coesfeld.de/6892-2/
2026-04-23;kkimk.de;Vortrag „Verdacht auf Osteoporose?“ am Mittwoch, 29.04.2026, 17.00 Uhr, im Hörsaal Menden;Veranstaltung;Einladung zu einem fachlichen Vortrag;https://kkimk.de/blog/2026/04/23/vortrag-verdacht-auf-osteoporose-am-mittwoch-29-04-2026-17-00-uhr-im-hoersaal-menden/
2026-04-23;gse-essen.de;Stefan Diederichs erhält „Care for Innovation-Award“;Auszeichnung;Verleihung eines Preises an eine Person des Trägers;https://www.gse-essen.de/aktuelles/stefan-diederichs-erhaelt-care-for-innovation-award/
2026-04-23;haus-maria-veen.de;Projektstart: „Ankommen. Sicher und Gesund“;Projekt;Titel deutet auf ein neues Projekt oder eine Initiative hin.;https://www.vfka-westfalen.de/verein/projektstart-ankommen-sicher-und-gesund/
2026-04-23;vfka-westfalen.de;Projektstart: „Ankommen. Sicher und Gesund“;Projekt;Titel deutet auf ein neues Projekt oder eine Initiative hin.;https://www.vfka-westfalen.de/verein/projektstart-ankommen-sicher-und-gesund/
2026-04-23;alexianer-koeln.de;Alexianer-Projekt KölleDigital bietet jetzt Sprechstunde für Digital-Fragen an;Neues Angebot;Eröffnung einer neuen digitalen Sprechstunde;https://www.alexianer-koeln.de/unternehmen/aktuelles/aktuell/alexianer-projekt-koelledigital-bietet-jetzt-sprechstunde-fuer-digital-fragen-an
2026-04-23;raphaelsklinik.de;Langjähriger Chefarzt PD Dr. Ulrich Peitz verabschiedet – Prof. Dr. Dirk Domagk als neuer Chefarzt der Gastroenterologie begrüßt;Personalie;Verabschiedung eines Chefarztes und Vorstellung eines neuen Chefarztes;https://www.raphaelsklinik.de/unternehmen/aktuelles/aktuell/langjaehriger-chefarzt-pd-dr-ulrich-peitz-verabschiedet-prof-dr-dirk-domagk-uebernimmt-gastroenterologie
2026-04-22;haus-st-josef-wadersloh.de;Fröhlicher Besuch im St. Josef in Wadersloh;Veranstaltung;Bericht über einen Besuch von Kindern im Heim;https://haus-st-josef-wadersloh.smmp.de/2026/04/22/froehlicher-besuch-im-st-josef-in-wadersloh/
2026-04-22;franziskus-kleve.de;2. Ausbildungs- und Stellenbörse im Bürgerhaus Weeze;Veranstaltung;Ankündigung einer konkreten Veranstaltung (Ausbildungs- und Stellenbörse);https://franziskus-kleve.de/karriere-und-team/2-ausbildungs-und-stellenboerse-im-buergerhaus-weeze/
2026-04-22;hvghirten.de;Stadtradeln 2026 – Wir sind dabei!;Aktion;Ankündigung der Teilnahme an einer regionalen Klimaschutz-Aktion.;https://hvghirten.de/stadtradeln-2026-wir-sind-dabei/
2026-04-22;asb-koeln.de;ASB Köln beim fachlichen Austausch „Wir sind Zukunft und Alter“;Veranstaltung;Bericht über Teilnahme an fachlichem Austausch und Präsentation von Angeboten;https://asb-koeln.de/artikel/2026/04/22/asb-koeln-beim-fachlichen-austausch-wir-sind-zukunft-und-alter/
2026-04-22;stift-tilbeck-gmbh.de;Laufend in Bewegung am Tag der Vielfalt;Veranstaltung;Einladung zu einem Inklusionslauf am Tag der Vielfalt;https://www.stift-tilbeck.de/laufend-in-bewegung-am-tag-der-vielfalt/
2026-04-22;stift-tilbeck.de;Laufend in Bewegung am Tag der Vielfalt;Veranstaltung;Einladung zu einem Inklusionslauf am Tag der Vielfalt;https://www.stift-tilbeck.de/laufend-in-bewegung-am-tag-der-vielfalt/
2026-04-22;adolphi-stiftung.de;Rikscha-Fahrtins Siepental;Veranstaltung;Bericht über eine organisierte Aktivität für Bewohner;https://adolphi-stiftung.de/rikscha-fahrt-ins-siepental/
2026-04-22;eszk.de;Rikscha-Fahrtins Siepental;Veranstaltung;Bericht über eine organisierte Aktivität für Bewohner;https://adolphi-stiftung.de/rikscha-fahrt-ins-siepental/
2026-04-22;antoniushaus-lh.de;Musikalischer Nachmittag mit dem Chor Crescendo;Veranstaltung;Bericht über einen musikalischen Nachmittag mit einem Chor im Heim.;https://antoniushaus-lh.de/2026/04/22/24165/
2026-04-22;awo-lev.de;Kindersachenflohmarkt;Veranstaltung;Einladung zu einem konkreten Flohmarkt-Event;https://awoleverkusen.de/blog/2026/04/22/kindersachenflohmarkt/
2026-04-22;grafschafter-diakonie.de;Vortrag in einfacher Sprache vermittelt Wissen zur Demenz;Veranstaltung;Es handelt sich um eine organisierte Veranstaltung (Vortrag) mit konkretem Inhalt.;https://www.grafschafter-diakonie.de/vortrag-in-einfacher-sprache-vermittelt-wissen-zur-demenz/
2026-04-22;kkh-hagen.de;Apotheker (m/w/d);Stellenanzeige;Stellenausschreibung (regelbasiert erkannt);https://kkh-hagen.de/apotheker-m-w-d/
2026-04-22;kkimk.de;Apotheker (m/w/d);Stellenanzeige;Stellenausschreibung (regelbasiert erkannt);https://kkimk.de/blog/2026/04/22/apotheker-m-w-d-2/
2026-04-22;augusta-kliniken.de;Was Parkinson-Patienten über Ayurveda wissen müssen;Gesundheit;Artikel über Gesundheitsthema für Pflegebedürftige;https://www.augusta-kliniken.de/aktuelle-meldungen/meldung/was-parkinson-patienten-ueber-ayurveda-wissen-muessen.html
2026-04-22;diakonie-mark-ruhr.de;Freiheit im Dialog: Interreligiöses Friedensgebet lädt zum Austausch ins AllerWeltHaus Hagen ein;Veranstaltung;Einladung zu einem interreligiösen Friedensgebet;https://www.diakonie-mark-ruhr.de/aktuelles?tx_ttnews%5Btt_news%5D=3689&cHash=8d6b9f33f6befcb9130f121eece08185
2026-04-22;evkln.de;Frühlingsfest im Wohnstift Walter Cordes am 26. April;Veranstaltung;Ankündigung eines konkreten Festtermins;https://www.evkln.de/der-verbund/news-details/fruehlingsfest-im-wohnstift-walter-cordes-am-26-april.html
2026-04-21;kkimk.de;MTRA oder MFA mit Fachkunde im Strahlenschutz (m/w/d);Stellenanzeige;Stellenausschreibung (regelbasiert erkannt);https://kkimk.de/blog/2026/04/21/mtra-oder-mfa-mit-fachkunde-im-strahlenschutz-m-w-d/
2026-04-21;clarastift-lh.de;Treppenhaus wird zur Konzertbühne: Frauenkammerchor begeistert im Marien-Stift;Veranstaltung;Bericht über eine kulturelle Veranstaltung im Heim;https://heilig-geist-stiftung.de/treppenhaus-wird-zur-konzertbuehne-frauenkammerchor-begeistert-im-marien-stift/
2026-04-21;heilig-geist-stiftung.de;Treppenhaus wird zur Konzertbühne: Frauenkammerchor begeistert im Marien-Stift;Veranstaltung;Bericht über eine kulturelle Veranstaltung im Heim;https://heilig-geist-stiftung.de/treppenhaus-wird-zur-konzertbuehne-frauenkammerchor-begeistert-im-marien-stift/
2026-04-21;marienstift-havixbeck.de;Treppenhaus wird zur Konzertbühne: Frauenkammerchor begeistert im Marien-Stift;Veranstaltung;Bericht über eine kulturelle Veranstaltung im Heim;https://heilig-geist-stiftung.de/treppenhaus-wird-zur-konzertbuehne-frauenkammerchor-begeistert-im-marien-stift/
2026-04-21;joseph-bochum.de;Gitarrenklänge im Frühling – Frau Fedyk;Veranstaltung;Bericht über ein Konzert mit Musik und Gemeinschaft;https://joseph-bochum.de/2026-gitarrenklaenge-fadyk/
2026-04-21;johannes-bochum.de;Konzert des Profane Chors;Veranstaltung;Bericht über ein Chorkonzert;https://johannes-bochum.de/profane-chor-2026/
2026-04-21;awo-kv-wesel.de;Gemeinsam mit Janina und Maria vom Sozialen Dienst des Johannes Rau Hauses machen sich drei Seniorinnen auf den Weg ins nahegelegene Café del Sol.;Aktivität;Beschreibung einer konkreten Aktion/Veranstaltung mit Bewohnern;https://www.awo-kv-wesel.de/ueber-die-awo/aktuelles/oeffentlichkeitsarbeit/aktuelles/nachricht/der-awo-treff-kapellen-im-awo-begegnungs-und-beratungszentrum-kapellen-an-der-ehrenmalstrasse-2-in-47447-moers-bietet-ab-mittwoch-6-mai-2026-eine-offene-fragestunde-rund-um-das-thema-han-709/
2026-04-21;awo-kv-wesel.de;Gemeinsam mit Janina und Maria vom Sozialen Dienst des Johannes Rau Hauses machen sich drei Seniorinnen auf den Weg ins nahegelegene Café del Sol.;Aktivität;Beschreibung einer konkreten Aktion/Veranstaltung mit Bewohnern;https://www.awo-kv-wesel.de/ueber-die-awo/aktuelles/oeffentlichkeitsarbeit/aktuelles/nachricht/ein-kleiner-ausflug-mit-grosser-wirkung-708/
2026-04-21;diakonie-mark-ruhr.de;Seelische Gesundheit im Fokus: Trialog-Reihe beginnt;Veranstaltung;Titel deutet auf eine neue Veranstaltungsreihe hin.;https://www.diakonie-mark-ruhr.de/aktuelles?tx_ttnews%5Btt_news%5D=3680&cHash=5f758f778a6808970d04c8ccd86f2286
2026-04-20;elisabethstift-nottuln.de;„Palliativer Rundgang“ in Nottuln;Veranstaltung;Bericht über eine lokale Veranstaltung (Palliativer Rundgang);https://www.elisabethstift-nottuln.de/palliativer-rundgang-in-nottuln/
2026-04-20;haus-am-wiehen.de;Ein schönes Osterwochenende;Veranstaltung;Bericht über Osteraktivitäten und Ausflug;https://haus-am-wiehen.de/ein-schoenes-osterwochenende/
2026-04-20;gsf-seniorenheime.de;Osterfeuer 2026;Veranstaltung;Bericht über ein konkretes Ereignis (Osterfeuer) mit Beschreibung des Ablaufs und der Beteiligten.;https://www.gsf-seniorenheime.de/osterfeuer-2026/
2026-04-20;diakonie-kreis-mettmann.de;Gesundheitswochen 2026 in Ratingen: Impulse für mehr Wohlbefinden;Veranstaltung;Ankündigung einer konkreten Veranstaltungsreihe mit Workshops und Aktionen.;https://www.diakonie-kreis-mettmann.de/gesundheitswochen-2026-in-ratingen-impulse-fuer-mehr-wohlbefinden/
2026-04-19;ev-altenheime-agger.de;Stars in der Manege: Luna, Mary und Lion;Veranstaltung;Besuch von Therapieponys und damit verbundene Aktivität;https://ev-altenheime-agger.de/2026/04/19/stars-in-der-manege-luna-mary-und-lion-2/
2026-04-19;altenheim-wahlscheid.de;Versteigerung für die Reparatur des Fahrstuhlturms;Projekt;Versteigerung zugunsten der Anstalt;https://www.altenheim-wahlscheid.de/2026/04/versteigerung-fuer-die-reparatur-des-fahrstuhlturms/
2026-04-18;hausgottesdank.de;Quartiersveranstaltungen im Haus Gottesdank. Gemeinsam statt einsam!;Veranstaltung;Titel beschreibt eine konkrete geplante Aktivität (Quartiersveranstaltung) mit thematischem Bezug zur Einbindung der Bewohner.;https://hausgottesdank.de/aktuelles/datenschutz
2026-04-17;asb-koeln.de;Frauen in Führung: Zeichen der Gleichberechtigung;Personalie;Artikel über Frauen in Führungspositionen am ASB Köln;https://asb-koeln.de/artikel/2026/04/17/zeichen-der-gleichberechtigung/
2026-04-17;kkh-hagen.de;Fortbildung: Neue Therapieoptionen bei Kopf-Hals-Tumoren am Mittwoch, 6. Mai 2026 – Dialog am Biggesee;Veranstaltung;Einladung zu einer fachlichen Fortbildungsveranstaltung;https://kkh-hagen.de/fortbildung-neue-therapieoptionen-bei-kopf-hals-tumoren-am-mittwoch-6-mai-2026-dialog-am-biggesee/
2026-04-17;elisabethstift-nottuln.de;Konrad und Rosinchen bringen ein Lächeln auf die Wohnbereiche;Veranstaltung;Beschreibung eines Besuchs durch einen Clown, der als kulturelle Aktivität oder Aktion im Heim stattfindet.;https://www.elisabethstift-nottuln.de/konrad-und-rosinchen-bringen-ein-laecheln-auf-die-wohnbereiche/
2026-04-17;diakonie-kreis-mettmann.de;Escape Room: Fixing the Boat – Finding Identity!;Projekt;Ankündigung eines mobilen Escape-Room-Projekts mit gesellschaftlicher Ausrichtung.;https://www.diakonie-kreis-mettmann.de/escape-room-fixing-the-boat-finding-identity/
2026-04-17;hanse-zentrum.de;„Frauenpower – Deine Zukunft beginnt hier!“;Veranstaltung;Bericht über den Auftritt auf einer Messe;https://www.hanse-zentrum.de/2026/04/17/frauenpower-deine-zukunft-beginnt-hier/
2026-04-17;lina-oberbaeumer-haus.de;„Frauenpower – Deine Zukunft beginnt hier!“;Veranstaltung;Bericht über den Auftritt auf einer Messe;https://lina-oberbaeumer-haus.de/2026/04/17/frauenpower-deine-zukunft-beginnt-hier/
2026-04-17;altenheime-leverkusen.de;Das Landespolizeiorchester zu Besuch;Veranstaltung;Bericht über Besuch eines Saxophonquartetts;https://www.es-senioreneinrichtungen.de/news/das-landespolizeiorchester-zu-besuch/
2026-04-17;altenheime-leverkusen.de;Gedächtnistraining;Projekt;Bericht über eine konkrete Aktivität (Gedächtnistraining) im Heim;https://www.es-senioreneinrichtungen.de/news/gedaechtnistraining/
2026-04-17;drk-stiftung.de;Wochenplan Woche 19;Angebot;Veröffentlichung des Speiseplans für die Senioren-Mittagstisch-Veranstaltung;https://www.drk-stiftung.de/wochenplan-woche-19/
2026-04-17;joseph-bochum.de;Handwerkskunst aus Schokolade;Veranstaltung;Bericht über einen Besuch bei einer Confiserie;https://joseph-bochum.de/2026-schokolade/
2026-04-17;awo-kv-wesel.de;Abschlusspräsentationen der Zertifikatsreihe Kitamanagement sind geschafft;Auszeichnung;Abschluss von Zertifikatsreihe;https://www.awo-kv-wesel.de/ueber-die-awo/aktuelles/oeffentlichkeitsarbeit/aktuelles/nachricht/herzlichen-glueckwunsch-706/
2026-04-16;kaiser-otto-residenz.de;Da Capo – ein Abend mit Musik von Udo Jürgens;Veranstaltung;Ankündigung/Bericht über ein musikalisches Event;https://kaiser-otto-residenz.de/aktuelles/da-capo-ein-abend-mit-musik-von-udo-juergens-2/
2026-04-16;adolphi-stiftung.de;Osterlämmchen backen;Veranstaltung;Beschreibung einer Bewohneraktivität und Gemeinschaftsaktion;https://adolphi-stiftung.de/osterlaemmchen-backen/
2026-04-16;eszk.de;Osterlämmchen backen;Veranstaltung;Beschreibung einer Bewohneraktivität und Gemeinschaftsaktion;https://adolphi-stiftung.de/osterlaemmchen-backen/
2026-04-16;caritas-dortmund.de;„Dortmunder Weg“ gestartet - Caritas Dortmund setzt Impuls für die Altenpflege;Projekt;Start eines neuen bundesweit einzigartigen Trainee-Programms zur Nachwuchsförderung;http://www.caritas-dortmund.de/aktuelles/presse/dortmunder-weg-gestartet-caritas-dortmund-setzt-impuls-fuer-die-altenpflege-3c51a379-7c30-4ccb-95dd-
2026-04-16;caritasdortmund.de;„Dortmunder Weg“ gestartet - Caritas Dortmund setzt Impuls für die Altenpflege;Projekt;Start eines neuen bundesweit einzigartigen Trainee-Programms zur Nachwuchsförderung;http://www.caritas-dortmund.de/aktuelles/presse/dortmunder-weg-gestartet-caritas-dortmund-setzt-impuls-fuer-die-altenpflege-3c51a379-7c30-4ccb-95dd-
2026-04-16;curata.de;Ortenberg-Selters: Wir waren dabei – Jobaktiv Wetterau 2026;Veranstaltung;Bericht über Teilnahme an einer regionalen Jobmesse;https://www.curata.de/benediktuspark-jobaktiv-wetterau/
2026-04-16;caritas-geldern.de;Jubiläumsfest im Barbaraviertel: Vier Einrichtungen feiern gemeinsam;Veranstaltung;Titel deutet auf eine gemeinsame Feierstunde mehrerer Einrichtungen hin.;https://www.caritas-geldern.de/verband/presse/presse/jubilaeumsfest-im-barbaraviertel-vier-einrichtungen-feiern-gemeinsam-3d788461-14d4-4d30-8c2e-706b8e4
2026-04-16;diakonie-muenster.de;Stadtrundfahrt der Tagespflege RehaZeit Simeon;Veranstaltung;Titel beschreibt eine konkrete Aktion/Veranstaltung der Tagespflege.;https://diakonie-muenster.de/stadtrundfahrt-der-tagespflege-rehazeit-simeon/
2026-04-16;diakonie-muenster.de;Wechsel der Einrichtungsleitung des Haus Simeons in Berg Fidel;Personalie;Neubesetzung der Leitung;https://diakonie-muenster.de/wechsel-der-einrichtungsleitung-des-haus-simeons-in-berg-fidel/
2026-04-16;evkln.de;Info-Abend der Tagespflege Sterkrade am 28. April;Veranstaltung;Einladung zu einem Info-Abend für eine Tagespflege;https://www.evkln.de/der-verbund/news-details/info-abend-der-tagespflege-sterkrade-am-28-april.html
2026-04-15;grafschafter-diakonie.de;Vertrauen aufbauen, Alltag trainieren;Projekt;Beschreibung von Trainingsmaßnahmen und Projekten zur Vorbereitung auf selbstständiges Leben.;https://www.grafschafter-diakonie.de/vertrauen-aufbauen-alltag-trainieren/
2026-04-15;sgk.de;Unsere Städte. Unsere Spiele.;Stellenanzeige;Stellenausschreibung (regelbasiert erkannt);https://www.sgk.de/olympia-bewerbung/
2026-04-15;clarastift-lh.de;Seniorenbeirat zu Gast im Marienstift Havixbeck;Veranstaltung;Besuch des Seniorenbeirats und Austausch über Aktivitäten;https://heilig-geist-stiftung.de/seniorenbeirat-zu-gast-im-marienstift-havixbeck/
2026-04-15;heilig-geist-stiftung.de;Seniorenbeirat zu Gast im Marienstift Havixbeck;Veranstaltung;Besuch des Seniorenbeirats und Austausch über Aktivitäten;https://heilig-geist-stiftung.de/seniorenbeirat-zu-gast-im-marienstift-havixbeck/
2026-04-15;marienstift-havixbeck.de;Seniorenbeirat zu Gast im Marienstift Havixbeck;Veranstaltung;Besuch des Seniorenbeirats und Austausch über Aktivitäten;https://heilig-geist-stiftung.de/seniorenbeirat-zu-gast-im-marienstift-havixbeck/
2026-04-15;clarastift-lh.de;Besuch der Ombudsperson im Marienstift in Havixbeck;Personalie;Einführung einer neuen Ombudsperson und deren erste Besuchsaktivität;https://heilig-geist-stiftung.de/besuch-der-ombudsperson-im-marienstift-in-havixbeck/
2026-04-15;heilig-geist-stiftung.de;Besuch der Ombudsperson im Marienstift in Havixbeck;Personalie;Einführung einer neuen Ombudsperson und deren erste Besuchsaktivität;https://heilig-geist-stiftung.de/besuch-der-ombudsperson-im-marienstift-in-havixbeck/
2026-04-15;marienstift-havixbeck.de;Besuch der Ombudsperson im Marienstift in Havixbeck;Personalie;Einführung einer neuen Ombudsperson und deren erste Besuchsaktivität;https://heilig-geist-stiftung.de/besuch-der-ombudsperson-im-marienstift-in-havixbeck/
2026-04-15;ravensberger-stift.de;Schlemmen im Kartoffelhaus;Veranstaltung;Bericht über einen Ausflug und Gemeinschaftsessen;https://ravensberger-stift.de/schlemmen-im-kartoffelhaus/
2026-04-15;johannes-bochum.de;Alles Käse oder was;Veranstaltung;Beschreibung eines spezifischen Events (Käsetag) mit Aktivitäten.;https://johannes-bochum.de/alles-kase-oder-was-2026/
2026-04-15;josefshaus-herbede.de;„Wenn ich ans Ehrenamt denke, denke ich an Friedel Bachmann!“;Personalie;Ehrung einer langjährigen Ehrenamtlerin mit 32-jähriger Tätigkeit;https://quartierzentrum-herbede.de/wenn-ich-ans-ehrenamt-denke-denke-ich-an-friedel-bachmann/
2026-04-15;diakonie-kreis-mettmann.de;Palliativpflegebereich im Haus Wichern wird am 16. April eröffnet!;Eröffnung;Neueröffnung eines Palliativpflegebereichs mit Beschreibung des Projekts.;https://www.diakonie-kreis-mettmann.de/palliativpflegebereich-im-haus-wichern-wird-am-16-april-eroeffnet/
2026-04-15;asb-koeln.de;Ausgezeichnet: Der Schulsanitätsdienst erhält Urkunde für seine Engagement;Auszeichnung;Erhalt einer Urkunde für Engagement;https://asb-koeln.de/artikel/2026/04/15/ausgezeichnet-der-schulsanitaetsdienst-erhaelt-urkunde-fuer-seine-engagement/
2026-04-15;johannisstift.de;BLUMEN FÜR DIE KURZZEITPFLEGE;Umzug/Neuöffnung;Beschreibung der neuen Räumlichkeiten und des Umzugs in das Ulrich Johannsen-Haus.;https://www.johannisstift.de/blog/blumen-fuer-die-kurzzeitpflege/
2026-04-15;katharinenstift-coesfeld.de;Vortrag zum Thema „Medikamente“;Veranstaltung;Einladung zu einem konkreten Vortrag;https://www.katharinenstift-coesfeld.de/vortrag-zum-thema-medikamente/
2026-04-15;kkle.de;Meilenstein für die PflegeausbildungBildungsakademie für Gesundheitsberufe erhält AZAV-Zertifizierung;Auszeichnung;Erhalt der AZAV-Zertifizierung ist eine wichtige Qualitätsauszeichnung für die Ausbildung.;https://www.kkle.de/news/bildungsakademie-fuer-gesundheitsberufe-erhaelt-azav-zertifizierung
2026-04-15;kkle.de;Schulterschmerzen effektiv behandelnÄrzte des Katholischen Karl-Leisner-Klinikums informieren über moderne Therapieansätze;Gesundheit;Artikel über medizinische Therapieansätze;https://www.kkle.de/news/schulterschmerzen-effektiv-behandeln-aerzte-der-katholischen-karl-leisner-traegergesellschaft-informieren-ueber-moderne-therapieansaetze
2026-04-14;hanse-zentrum.de;Ostern schafft Besinnlichkeit und viele schöne Momente;Veranstaltung;Bericht über Osteraktivitäten und Gemeinschaftsmomente im Heim;https://www.hanse-zentrum.de/2026/04/14/ostern-schafft-besinnlichkeit-und-viele-schoene-momente/
2026-04-14;hvghirten.de;Vorstellung: Herr Lause als neue Leitung der Verwaltung;Personalie;Vorstellung einer neuen Leitungsperson;https://hvghirten.de/vorstellung-herr-lause-als-neue-leitung-der-verwaltung/
2026-04-14;altenheim-wahlscheid.de;Keine Norovirus-Fälle mehr im Altenheim Wahlscheid;Neuigkeit;Mitteilung über Beendigung von Ausbruch und Wiedereröffnung von Räumen;https://www.altenheim-wahlscheid.de/2026/04/keine-norovirus-faelle-mehr-im-altenheim-wahlscheid/
2026-04-14;kolfhaus.de;Veranstaltungen im Mai 2026;Veranstaltung;Ankündigung eines musikalischen Nachmittags im Mai;https://www.seniorenzentrum-heinrich-kolfhaus.de/veranstaltungen-im-mai-2026/
2026-04-14;laurentiusstift-coesfeld.de;Pflegedienstleitungsduo ist wieder komplett;Personalie;Neubesetzung der Pflegedienstleitung;https://www.laurentiusstift-coesfeld.de/pflegedienstleitungsduo-ist-wieder-komplett/
2026-04-14;awo-lev.de;Pflegeversicherung;Veranstaltung;Einladung zu einem Vortrag über Pflegeversicherung;https://awoleverkusen.de/blog/2026/04/14/pflegeversicherung/
2026-04-14;awo-lev.de;Trödelmarkt in der BGS;Veranstaltung;Einladung zu einem konkreten Trödelmarkt mit Datum, Uhrzeit und Ort.;https://awoleverkusen.de/blog/2026/04/14/troedelmarkt-in-der-bgs/
2026-04-14;seniorenzentrum-stromberg.smmp.de;Pflanzaktion im Seniorenzentrum;Aktion;Beschreibung einer konkreten Gemeinschaftsaktion (Pflanzaktion) mit Personal und Bewohnern.;https://seniorenzentrum-stromberg.smmp.de/2026/04/14/pflanzaktion-im-seniorenzentrum/
2026-04-14;joseph-bochum.de;Der Profane Chor begeistert erneut;Veranstaltung;Bericht über ein Konzert des Profanen Chors;https://joseph-bochum.de/2026-der-profane-chor/
2026-04-14;alexianer-muenster.de;Inselausflug gibt Rückenwind für ein abstinentes Leben;Veranstaltung;Bericht über eine konkrete Aktion/Veranstaltung mit positiver Wirkung auf die Bewohner.;https://www.alexianer-muenster.de/unternehmen/aktuelles/aktuell/inselausflug-gibt-rueckenwind-fuer-ein-abstinentes-leben
2026-04-14;awo-kv-wesel.de;Am kommenden Freitag, 17. April 2026, ab 14 Uhr, wird im AWO BBZ Moers-Kapellen die neue Bilderausstellung unter dem Titel „Lebensräume“ mit einer Vernissage eröffnet.;Veranstaltung;Eröffnung einer neuen Bilderausstellung;https://www.awo-kv-wesel.de/ueber-die-awo/aktuelles/oeffentlichkeitsarbeit/aktuelles/nachricht/fruehlingsfruehstueck-im-familienzentrum-eichendorffstrasse-700/
2026-04-14;awo-kv-wesel.de;16 Kinder des AWO Familienzentrums Copray besuchten nun die Sonsbecker Bäckerei Tebart.;Projekt;Bericht über eine konkrete Aktion mit Kindern des Heims;https://www.awo-kv-wesel.de/ueber-die-awo/aktuelles/oeffentlichkeitsarbeit/aktuelles/nachricht/kinder-des-familienzentrums-copray-sonsbeck-besuchten-backstube-702/
2026-04-14;awo-kv-wesel.de;Am kommenden Freitag, 17. April 2026, ab 14 Uhr, wird im AWO BBZ Moers-Kapellen die neue Bilderausstellung unter dem Titel „Lebensräume“ mit einer Vernissage eröffnet.;Veranstaltung;Eröffnung einer neuen Bilderausstellung;https://www.awo-kv-wesel.de/ueber-die-awo/aktuelles/oeffentlichkeitsarbeit/aktuelles/nachricht/vernissage-im-awo-bbz-moers-kapellen-703/
2026-04-13;lavida-pflegepartner.de;Melle Stellv. Pflegedienstleitung;Personalie;Neuansetzung einer stellvertretenden Pflegedienstleitung;https://lavida-pflegepartner.de/karriere/melle-stellv-pflegedienstleitung/
2026-04-13;haus-phoebe.de;Liebgewonnene Osterbräuche;Veranstaltung;Bericht über ein Gruppenangebot und Osterfest;https://haus-phoebe.de/2026/04/13/liebgewonnene-osterbraeuche/
2026-04-13;haus-phoebe.de;Geburtstagskaffee;Veranstaltung;Bericht über eine interne Veranstaltung (Geburtstagskaffee) für Bewohner.;https://haus-phoebe.de/2026/04/13/geburtstagskaffee/
2026-04-13;protea.care;Evang. Gottesdienst am 15. April um 16 Uhr;Veranstaltung;Ankündigung eines konkreten Gottesdiensttermins;https://protea.care/evang-gottesdienst-am-15-april-um-16-uhr/
2026-04-13;awo-kv-wesel.de;Vor kurzem fand im AWO Familienzentrum Kirchenkampstraße in Kamp -Lintfort das Eltern-Kind-Angebot „Wir bauen ein Insektenhotel für unseren Garten oder Balkon“ statt.;Veranstaltung;Bericht über ein konkretes Eltern-Kind-Angebot;https://www.awo-kv-wesel.de/ueber-die-awo/aktuelles/oeffentlichkeitsarbeit/aktuelles/nachricht/stups-und-schnappi-sorgten-fuer-jede-menge-gute-laune-697/
2026-04-13;awo-kv-wesel.de;Vor kurzem fand im AWO Familienzentrum Kirchenkampstraße in Kamp -Lintfort das Eltern-Kind-Angebot „Wir bauen ein Insektenhotel für unseren Garten oder Balkon“ statt.;Veranstaltung;Bericht über ein konkretes Eltern-Kind-Angebot;https://www.awo-kv-wesel.de/ueber-die-awo/aktuelles/oeffentlichkeitsarbeit/aktuelles/nachricht/zeichen-setzen-fuer-den-naturschutz-wir-bauen-ein-insektenhotel-701/
2026-04-13;kkhm.de;Investition in einen modernen Kreißsaal;Eröffnung;Neue bauliche Maßnahme und Investition;https://www.kkhm.de/service/aktuelles/einzelansicht/investition-in-einen-modernen-kreisssaal
2026-04-13;kkle.de;„Herzenssache Lebenszeit“: Infobus hält am 17. April in KevelaerÄrzte der KKLE beraten zur Prävention von Schlaganfall, Darmkrebs und Herz-Kreislauf-Erkrankungen;Gesundheitsaktion;Bericht über eine konkrete Gesundheitsveranstaltung mit Experten-Präsenz;https://www.kkle.de/news/aerzte-der-kkle-beraten-zur-praevention-von-schlaganfall-darmkrebs-und-herz-kreislauf-erkrankungen
2026-04-11;gesob-gmbh.de;Radeln im Alter;Veranstaltung;Bericht über eine organisierte Aktivität für Senioren;https://www.gesob-gmbh.de/2026/04/11/radeln-im-alter/
2026-04-10;lina-oberbaeumer-haus.de;Osterfreuden schenken;Veranstaltung;Bericht über eine konkrete Aktion und Veranstaltung im Heim.;https://lina-oberbaeumer-haus.de/2026/04/10/osterfreuden-schenken/
2026-04-10;laurentiusstift-coesfeld.de;Backaktion zum Osterfest;Aktion;Bericht über eine konkrete Oster-Backaktion der Einrichtung;https://www.laurentiusstift-coesfeld.de/backaktion-zum-osterfest/
2026-04-10;caritas-herten.de;Überwältigende Spendenbereitschaft: 6.000 Euro aus dem „WDR 2 Weihnachtswunder 2025“ gehen an die Caritas-Läden Tafel Herten;Spendenaktion;Bericht über eine konkrete Spendenaktion und Mittelverwendung.;https://www.caritas-herten.de/caritas-und-kirche/pressemitteilungen/ueberwaeltigende-spendenbereitschaft-6.000-euro-aus-dem-wdr-2-weihnachtswunder-2025-gehen-an-die-car
2026-04-10;kkle.de;Fokus auf Hospitalentwicklung und MVZ-AusbauArnold Krenz startet als Hospital-Manager in Kevelaer;Personalie;Neue Personalbezeichnung und Aufgabenbereich des Arnold Krenz;https://www.kkle.de/news/arnold-krenz-startet-als-hospital-manager-in-kevelaer
2026-04-10;kkle.de;Verstärkung im ManagementRita Lammers übernimmt Konzernleitung Finanzen;Personalie;Neubesetzung einer leitenden Position im Management;https://www.kkle.de/news/rita-lammers-uebernimmt-konzernleitung-finanzen
2026-04-09;asb-koeln.de;Energetische Dachsanierung ist in vollem Gange;Umbau;Bericht über laufende energetische Dachsanierung;https://asb-koeln.de/artikel/2026/04/09/energetische-dachsanierung-ist-in-vollem-gange/
2026-04-09;antoniushaus-lh.de;Verstärkung für unser Küchenteam;Stellenanzeige;Stellenausschreibung (regelbasiert erkannt);https://antoniushaus-lh.de/2026/04/09/verstaerkung-fuer-unser-kuechenteam/
2026-04-09;diakonie-kreis-mettmann.de;Diakonie zu Gast im WDR: Wie Alltagsrassismus unseren Alltag prägt!;Medienbeitrag;Bericht über Medienauftritt und Projekt zur Beratung;https://www.diakonie-kreis-mettmann.de/diakonie-zu-gast-im-wdr-wie-alltagsrassismus-unseren-alltag-praegt/
2026-04-09;augusta-kliniken.de;Patientenveranstaltung zu Chronischen Schmerzen;Veranstaltung;Titel deutet auf eine konkrete Patientenveranstaltung hin.;https://www.augusta-kliniken.de/aktuelle-meldungen/meldung/patientenveranstaltung-zu-chronischen-schmerzen.html
2026-04-08;ludgerusstift.de;Eiswagen eingeweiht;Neues Angebot;Eröffnung eines neuen Eiswagens für Senior*innen;https://www.ludgerusstift.de/eiswagen-eingeweiht/
2026-04-08;asb-koeln.de;Quizrunde: Auf dem „heißen Stuhl“ in den Zollstockhöfen;Programm;Beschreibung eines täglichen Angebots/Programms für Bewohner;https://asb-koeln.de/artikel/2026/04/08/quizrunde-auf-dem_heissen_stuhl-in-den-zollstockhoefen/
2026-04-08;katharinenstift-coesfeld.de;The Gang was in the house;Neues Angebot;Beschreibung einer neuen Aktivität (Rollatoren-Gruppe) für Bewohner.;https://www.katharinenstift-coesfeld.de/the-gang-was-in-the-house/
2026-04-08;johannes-bochum.de;Ausflug zum Gasometer Oberhausen;Veranstaltung;Bericht über einen organisierten Ausflug;https://johannes-bochum.de/gasometer-oberhausen-2026/
2026-04-08;seniorenwohnen-im-park.de;Angehörigentreffen zum Thema Demenz;Veranstaltung;Ankündigung eines Angehörigentreffens zum Thema Demenz;https://www.seniorenwohnen-im-park.de/aktuelles/aktuelles-detail/63
2026-04-08;woellner-stift.de;Rikschafahrten jetzt auch im Rollstuhl;neues Angebot;Einführung einer neuen Dienstleistung (Rikschafahrten für Rollstuhlfahrer).;https://woellner-stift.de/rikschafahrten-jetzt-auch-im-rollstuhl/
2026-04-07;johannisstift.de;KI KOMMT IN DIE KINDER-UND JUGENDHILFE;Projekt;Artikel über den Einsatz von KI in der Kinder- und Jugendhilfe;https://www.johannisstift.de/blog/ki-kommt-in-die-kinder-und-jugendhilfe/
2026-04-07;alexianer-krefeld.de;Frühjahrs-Ausbildungsstart zu Pflegefachfrau/Pflegefachmann;Personalie;Ankündigung eines Ausbildungsstarts;https://www.alexianer-krefeld.de/unternehmen/aktuelles/aktuell/fruehjahrs-ausbildungsstart-zu-pflegefachfrau-pflegefachmann
2026-04-07;evkln.de;Patientenveranstaltung zur Orthopädie am 21. April gibt Einblicke in moderne Therapien;Veranstaltung;Ankündigung einer konkreten Patientenveranstaltung;https://www.evkln.de/der-verbund/news-details/moderne-therapien-bei-hueft-und-kniebeschwerden-am-21-april.html
2026-04-06;haus-st-josef-wadersloh.de;Ostermesse in St. Josef – Ein festlicher Ostersonntag;Veranstaltung;Bericht über einen konkreten Gottesdienst in der Einrichtung;https://haus-st-josef-wadersloh.smmp.de/2026/04/06/ostermesse-in-st-josef-ein-festlicher-ostersonntag/
2026-04-06;johannes-bochum.de;Kar- und Ostertage gemeinsam erleben;Veranstaltung;Bericht über gelebte Gemeinschaftsaktivitäten und Rituale;https://johannes-bochum.de/kar-und-ostertage-2026/
2026-04-05;joseph-bochum.de;Der Osterhase besucht die Wohnbereiche;Veranstaltung;Bericht über eine konkrete Aktion (Osterhase) in den Wohnbereichen.;https://joseph-bochum.de/2026-osterhase/
2026-04-04;haus-st-josef-wadersloh.de;Ein schöner Moment an unserer Geburtstagstafel-Besuch unserer indischen Auszubildenden;Personalie;Vorstellung neuer Auszubildender im Team;https://haus-st-josef-wadersloh.smmp.de/2026/04/04/ein-schoener-moment-an-unserer-geburtstagstafel-besuch-unserer-indischen-auszubildenden/
2026-04-04;gesob-gmbh.de;Blumen vom Frühlingsfest finden einen neuen Platz;Projekt;Bericht über eine konkrete Aktion der Bewohner (Umtopfen von Blumen), die eine neue Nutzung und Freude stiftet.;https://www.gesob-gmbh.de/2026/04/04/blumen-vom-fruehlingsfest-finden-einen-neuen-platz/
2026-04-04;altenheim-wahlscheid.de;Frohe Ostern mit reduzierten Einschränkungen;Neues Angebot;Öffnung von Räumen nach Ausbruch;https://www.altenheim-wahlscheid.de/2026/04/frohe-ostern-mit-reduzierten-einschraenkungen/
2026-04-04;clarastift-lh.de;„sieben Wochen ohne Härte – mit Gefühl“ – Fastenzeit im Clara-Stift;Veranstaltung;Bericht über eine interne Andacht und ein spirituelles Angebot für Bewohner.;https://heilig-geist-stiftung.de/sieben-wochen-ohne-haerte-mit-gefuehl-fastenzeit-im-clara-stift/
2026-04-04;heilig-geist-stiftung.de;„sieben Wochen ohne Härte – mit Gefühl“ – Fastenzeit im Clara-Stift;Veranstaltung;Bericht über eine interne Andacht und ein spirituelles Angebot für Bewohner.;https://heilig-geist-stiftung.de/sieben-wochen-ohne-haerte-mit-gefuehl-fastenzeit-im-clara-stift/
2026-04-04;marienstift-havixbeck.de;„sieben Wochen ohne Härte – mit Gefühl“ – Fastenzeit im Clara-Stift;Veranstaltung;Bericht über eine interne Andacht und ein spirituelles Angebot für Bewohner.;https://heilig-geist-stiftung.de/sieben-wochen-ohne-haerte-mit-gefuehl-fastenzeit-im-clara-stift/
2026-04-02;altenheim-wahlscheid.de;Norovirus-Ausbruch in Wahlscheid hält leider an;Aktuelles;Bericht über laufenden Norovirus-Ausbruch und daraus resultierende Schließung von Angeboten;https://www.altenheim-wahlscheid.de/2026/04/norovirus-ausbruch-in-wahlscheid-haelt-leider-an/
2026-04-02;asb-koeln.de;Frühlingshafter „Social Day“ im Norbert Burger Seniorenzentrum;Veranstaltung;Bericht über eine konkrete Aktion (Social Day) mit Besuchern im Seniorenzentrum.;https://asb-koeln.de/artikel/2026/04/02/fruehlingshafter-social-day-im-norbert-burger-seniorenzentrum/
2026-04-02;ludgerusstift.de;Flohmarkt;Veranstaltung;Einladung zu einem Flohmarkt mit Anmeldungsmöglichkeit;https://www.ludgerusstift.de/flohmarkt/
2026-04-02;gsf-seniorenheime.de;Ev. Altenheim St. Jacobistift in Werther sucht Pflegefachassistenten (m/w/d);Stellenanzeige;Stellenausschreibung (regelbasiert erkannt);https://www.gsf-seniorenheime.de/ev-altenheim-st-jacobistift-in-werther-sucht-pflegefachassistenten-m-w-d/
2026-04-02;gesob-gmbh.de;Ostervorbereitungen in Altenessen;Bericht;Beschreibung einer Bewohneraktivität und des Miteinanders;https://www.gesob-gmbh.de/2026/04/02/ostervorbereitungen-in-altenessen-2/
2026-04-02;caritas-dortmund.de;Mitreden & Mitgestalten: Die Zukunft der Pflege in Dortmund;Veranstaltung;Einladung zu einer Diskussionsveranstaltung zum Thema Pflegezukunft;http://www.caritas-dortmund.de/aktuelles/presse/mitreden-mitgestalten-die-zukunft-der-pflege-in-dortmund-4fbce1d2-aedd-4f56-8b08-74f83a2212c2
2026-04-02;caritasdortmund.de;Mitreden & Mitgestalten: Die Zukunft der Pflege in Dortmund;Veranstaltung;Einladung zu einer Diskussionsveranstaltung zum Thema Pflegezukunft;http://www.caritas-dortmund.de/aktuelles/presse/mitreden-mitgestalten-die-zukunft-der-pflege-in-dortmund-4fbce1d2-aedd-4f56-8b08-74f83a2212c2
2026-04-02;protea.care;Das Waffelcafè öffnet am 12. April 2026;Eröffnung;Neues Angebot/Eröffnung eines Cafés;https://protea.care/das-waffelcafe-oeffnet-am-12-april-2026/
2026-04-02;johannisstift.de;UMZUGSWOCHE;Umzug;Bericht über den Umzug der Bewohner in neue Räumlichkeiten;https://www.johannisstift.de/blog/umzugswoche/
2026-04-02;ravensberger-residenz.de;Candle-Light-Dinner;Veranstaltung;Bericht über ein spezielles Dinner-Event für Bewohner;https://ravensberger-residenz.de/candle-light-dinner/
2026-04-02;caritas-geldern.de;Frühlingsmarkt und Jubiläumsfeier in der Kindertagesstätte St. Amandus Herongen;Veranstaltung;Titel beschreibt eine konkrete lokale Veranstaltung (Frühlingsmarkt/Jubiläumsfeier).;https://www.caritas-geldern.de/verband/presse/presse/fruehlingsmarkt-und-jubilaeumsfeier-in-der-kindertagesstaette-st.-amandus-herongen-4af76892-e59b-494
2026-04-02;diakonie-muenster.de;Bereicherndes und buntes Treiben: Berufsfelderkundung im Matthias-Claudius-Haus;Veranstaltung;Bericht über eine Berufsfelderkundung;https://diakonie-muenster.de/berufsfelderkundung-im-matthias-claudius-haus-2026/
2026-04-02;diakonie-muenster.de;Generationen im Austausch: Studierende zu Besuch in der RehaZeit Simeon;Veranstaltung;Beschreibung eines Projekts/Events mit Studierenden;https://diakonie-muenster.de/generationen-im-austausch-studierende-zu-besuch/
2026-04-01;grafschafter-diakonie.de;Interaktiver Demenzsimulator – Perspektivwechsel mit Aha-Effekt;Aktion;Beschreibung einer konkreten Veranstaltung/Aktion (Demenzsimulator) mit Zielgruppe und Wirkung;https://www.grafschafter-diakonie.de/interaktiver-demenzsimulator-perspektivwechsel-mit-aha-effekt/
2026-04-01;boecker-stiftung.de;Boecker-Kurier 4/2026;Veranstaltung;Inhaltliche Ankündigung von Aktivitäten und Themen im Newsletter;https://www.boecker-stiftung.de/boecker-kurier-4-2026/
2026-04-01;altenheim-wahlscheid.de;Auswirkung des Norovirus-Ausbruchs in Wahlscheid auf Ostern;Aktuelles;Bericht über laufenden Norovirus-Ausbruch und geplante Wiedereröffnung des Cafés;https://www.altenheim-wahlscheid.de/2026/04/auswirkung-des-norovirus-ausbruchs-in-wahlscheid-auf-ostern/
2026-04-01;johannes-bochum.de;Hefezopf und bunte Eier – Tradition erleben und Freude teilen;Veranstaltung;Bericht über eine interne Gemeinschaftsveranstaltung (Osterrunde);https://johannes-bochum.de/hefezopf-und-bunte-eier/
2026-04-01;augusta-kliniken.de;Neues Medienangebot für Komfortpatienten;Neues Angebot;Einführung eines neuen Dienstangebots für eine spezifische Patientengruppe;https://www.augusta-kliniken.de/aktuelle-meldungen/meldung/neues-medienangebot-fuer-komfortpatienten.html
2026-04-01;caritasverband-steinfurt.de;Dieter Eissing feiert 25-jähriges Dienstjubiläum;Personalie;Dienstjubiläum eines Mitarbeiters;https://www.caritasverband-steinfurt.de/pressemitteilungen/dieter-eissing-feiert-25-jaehriges-dienstjubilaeum/3262446/
2026-04-01;rhein-verein.de;Sii dolce con me: Gemeinsame Stickaktion im Suermondt-Ludwig-Museum;Veranstaltung;Kultur- und Gemeinschaftsaktion im Museum;https://rhein-verein.de/sii-dolce-con-me/
2026-03-31;gsf-seniorenheime.de;Ev. Altenheim St. Jacobistift in Werther sucht Kräfte für die Reinigung und Service Küche (m/w/d) in Teilzeit;Stellenanzeige;Stellenausschreibung (regelbasiert erkannt);https://www.gsf-seniorenheime.de/ev-altenheim-st-jacobistift-in-werther-sucht-kraefte-fuer-die-reinigung-und-service-kueche-m-w-d-in-teilzeit/
2026-03-31;gsf-seniorenheime.de;Ev. Altenheim St. Jacobistift in Werther sucht Pflegefachkräfte (m/w/d) als Dauernachtwache für ca. 20 Std / Woche;Stellenanzeige;Stellenausschreibung (regelbasiert erkannt);https://www.gsf-seniorenheime.de/ev-altenheim-st-jacobistift-in-werther-sucht-pflegefachkraefte-m-w-d-als-dauernachtwache-fuer-ca-20-std-woche/
2026-03-31;gsf-seniorenheime.de;Ev. Altenheim St. Jacobistift in Werther sucht Pflegkräfte (m/w/d) in Teilzeit;Stellenanzeige;Stellenausschreibung (regelbasiert erkannt);https://www.gsf-seniorenheime.de/ev-altenheim-st-jacobistift-in-werther-sucht-pflegkraefte-m-w-d-in-teilzeit/
2026-03-31;clarastift-lh.de;Spielmannszug Ascheberg bei uns im Innenhof!;Veranstaltung;Bericht über eine kulturelle Veranstaltung im Innenhof des Heims.;https://heilig-geist-stiftung.de/spielmannszug-ascheberg-bei-uns-im-innenhof/
2026-03-31;heilig-geist-stiftung.de;Spielmannszug Ascheberg bei uns im Innenhof!;Veranstaltung;Bericht über eine kulturelle Veranstaltung im Innenhof des Heims.;https://heilig-geist-stiftung.de/spielmannszug-ascheberg-bei-uns-im-innenhof/
2026-03-31;marienstift-havixbeck.de;Spielmannszug Ascheberg bei uns im Innenhof!;Veranstaltung;Bericht über eine kulturelle Veranstaltung im Innenhof des Heims.;https://heilig-geist-stiftung.de/spielmannszug-ascheberg-bei-uns-im-innenhof/
2026-03-31;bethesda-borbeck.de;Karnevalsfeier 2026;Veranstaltung;Bericht über eine Karnevalsfeier mit Besuchen und Auszeichnungen;https://www.bethesda-borbeck.de/index.php/de/aktuell/aktuelles/332-karnevalsfeier-2026
2026-03-31;lina-oberbaeumer-haus.de;Ein Tag voller Impulse für einen aktiven Ruhestand;Veranstaltung;Bericht über eine Messe im Ruhestand;https://lina-oberbaeumer-haus.de/2026/03/31/ein-tag-voller-impulse-fuer-einen-aktiven-ruhestand/
2026-03-31;alexianer-koeln.de;"Fortbildung ""Palliativ ohne Grenzen"" - jetzt Frühbucherrabatt sichern";Veranstaltung;Ankündigung einer konkreten Fortbildungsveranstaltung mit Rabattaktion;https://www.alexianer-koeln.de/unternehmen/aktuelles/aktuell/palliativ-ohne-grenzen
2026-03-31;alexianer-krefeld.de;"Fortbildung ""Palliativ ohne Grenzen"" - jetzt Frühbucherrabatt sichern";Veranstaltung;Ankündigung einer konkreten Fortbildungsveranstaltung mit Rabattaktion;https://www.alexianer-krefeld.de/unternehmen/aktuelles/aktuell/palliativ-ohne-grenzen
2026-03-31;alexianer-muenster.de;"Fortbildung ""Palliativ ohne Grenzen"" - jetzt Frühbucherrabatt sichern";Veranstaltung;Ankündigung einer konkreten Fortbildungsveranstaltung mit Rabattaktion;https://www.alexianer-muenster.de/unternehmen/aktuelles/aktuell/palliativ-ohne-grenzen
2026-03-31;augustahospital.de;"Fortbildung ""Palliativ ohne Grenzen"" - jetzt Frühbucherrabatt sichern";Veranstaltung;Ankündigung einer konkreten Fortbildungsveranstaltung mit Rabattaktion;https://www.augustahospital.de/unternehmen/aktuelles/aktuell/palliativ-ohne-grenzen
2026-03-31;awo-kv-wesel.de;Informieren, austauschen und kennenlernen bei unserer Willkommensveranstaltung;Veranstaltung;Titel deutet auf eine Willkommensveranstaltung hin;https://www.awo-kv-wesel.de/ueber-die-awo/aktuelles/oeffentlichkeitsarbeit/aktuelles/nachricht/herzlich-willkommen-bei-der-awo-696/
2026-03-31;awo-kv-wesel.de;Informieren, austauschen und kennenlernen bei unserer Willkommensveranstaltung;Veranstaltung;Titel deutet auf eine Willkommensveranstaltung hin;https://www.awo-kv-wesel.de/ueber-die-awo/aktuelles/oeffentlichkeitsarbeit/aktuelles/nachricht/ostern-kann-kommen-695/
2026-03-31;woellner-stift.de;Info-Veranstaltung zur Pflegekammer NRW;Veranstaltung;Es handelt sich um eine angekündigte Info-Veranstaltung, was eine echte Neuigkeit darstellt.;https://woellner-stift.de/info-veranstaltung-zur-pflegekammer-nrw/
2026-03-30;sgk.de;Internationale Küche ohne Grenzen;Veranstaltung;Beschreibung einer konkreten kulturellen Veranstaltung;https://www.sgk.de/internationale-kueche-ohne-grenzen/
2026-03-30;sgk.de;Im Freundeskreis bei einer Tasse Tee;Veranstaltung;Bericht über ein konkretes Treffen im Rahmen eines geförderten Projekts.;https://www.sgk.de/im-freundeskreis-bei-einer-tasse-tee/
2026-03-30;hanse-zentrum.de;Ein Tag voller Impulse für einen aktiven Ruhestand;Veranstaltung;Bericht über eine Messe im Ruhestand;https://www.hanse-zentrum.de/2026/03/30/veeh-harfenklaenge-und-maerchen/
2026-03-30;sgk.de;Informationstreffen im BGZ Porz;Veranstaltung;Es handelt sich um eine konkrete Meldung über eine stattgefundene Veranstaltung im Rahmen eines Projekts.;https://www.sgk.de/informationstreffen-im-bgz-porz/
2026-03-30;gsf-seniorenheime.de;Frühlingsfest im Haus Luther – ein gelungener Nachmittag voller Freude;Veranstaltung;Bericht über ein durchgeführtes Frühlingsfest für Bewohner;https://www.gsf-seniorenheime.de/fruehlingsfest-im-haus-luther-ein-gelungener-nachmittag-voller-freude/
2026-03-29;seniorenheim-st-stephanus.de;Dachbrand sicher gemeistert;Personalie;Bericht über erfolgreiches Krisenmanagement und Einsatz der geschulten Mitarbeiter.;https://seniorenheim-st-stephanus.de/dachbrand-sicher-gemeistert/
2026-03-29;domicil-gruppe.de;„Man muss das Gute tun, damit es in der Welt sei.“ (Marie von Ebner-Eschenbach);Veranstaltung;Bericht über einen Basar für Bewohner und Angehörige;https://domicil-gruppe.de/man-muss-das-gute-tun-damit-es-in-der-welt-sei-marie-von-ebner-eschenbach/
2026-03-29;domicil-gruppe.de;Unseren Bewohner:innen wird regelmäßig der Tag versüßt 😋;Aktion;Beschreibung einer regelmäßigen Bewohner-Aktion mit dem 'Süßen Wagen';https://domicil-gruppe.de/unseren-bewohnerinnen-wird-regelmaessig-der-tag-versuesst-%f0%9f%98%8b/
